timestamp,user_id,app_name,message_text,message_count,hour,day_of_week,is_overnight,sentiment_score,depression_score,anxiety_score,self_harm_score,overall_risk_score
2026-01-05 00:32:46,user_010,Discord,What's the point,10,0,Monday,TRUE,0,0.7663,0.3579,0.1484,0.4689
2026-01-05 01:42:17,user_066,Messenger,I feel empty,13,1,Monday,TRUE,0,0.6432,0.317,0.1767,0.4124
2026-01-05 03:54:45,user_052,Discord,My chest feels tight,16,3,Monday,TRUE,0.1394,0.5383,0.8211,0.1109,0.5304
2026-01-05 04:13:37,user_035,Telegram,Nothing matters,10,4,Monday,TRUE,0.0051,0.8015,0.4882,0.0518,0.5044
2026-01-05 06:47:48,user_010,WhatsApp,Why am I always alone,2,6,Monday,FALSE,0.2145,0.5137,0.5405,0.1747,0.4383
2026-01-05 07:09:08,user_042,WhatsApp,"Please reply, I'm worrying",8,7,Monday,FALSE,0.0698,0.2103,0.7983,0.003,0.3643
2026-01-05 07:45:58,user_061,Snapchat,Feeling great today,5,7,Monday,FALSE,0.7424,0.0136,0.1097,0.0121,0.0469
2026-01-05 08:50:14,user_058,Snapchat,What if it goes wrong?,15,8,Monday,FALSE,0.1744,0.2537,0.852,0.1466,0.4363
2026-01-05 11:00:10,user_047,Messenger,My chest feels tight,20,11,Monday,FALSE,0.2767,0.5863,0.8606,0.1204,0.5658
2026-01-05 12:58:17,user_071,Discord,I have so much to do,10,12,Monday,FALSE,0.1848,0.4704,0.5745,0.0399,0.3992
2026-01-05 18:04:37,user_057,Instagram,I don't feel like talking to anyone,20,18,Monday,FALSE,0.3617,0.5504,0.4036,0.0711,0.3792
2026-01-05 19:05:31,user_030,Instagram,I feel empty,2,19,Monday,FALSE,0.3138,0.7263,0.5432,0.0191,0.4854
2026-01-05 19:31:48,user_053,Telegram,School is stressing me out,7,19,Monday,FALSE,0.3063,0.5394,0.4791,0.1594,0.4233
2026-01-05 19:34:38,user_055,Telegram,I feel really alone sometimes,11,19,Monday,FALSE,0.2943,0.7378,0.3583,0.1211,0.4508
2026-01-05 22:55:03,user_035,Messenger,What time is it?,13,22,Monday,FALSE,0.5554,0.1894,0.015,0.0165,0.0851
2026-01-05 23:28:04,user_006,Messenger,I just want to stay in bed,19,23,Monday,FALSE,0.323,0.7103,0.5641,0.1758,0.5255
2026-01-05 23:48:18,user_043,Discord,Trying to keep it together,4,23,Monday,FALSE,0.078,0.5256,0.5177,0.1948,0.4401
2026-01-06 03:13:51,user_005,Messenger,What if it goes wrong?,19,3,Tuesday,TRUE,0.1123,0.5326,0.7525,0.0688,0.4936
2026-01-06 03:42:29,user_059,Messenger,I'm worried about exams,24,3,Tuesday,TRUE,0.1372,0.4136,0.4249,0.1409,0.3494
2026-01-06 04:10:59,user_043,WhatsApp,I can't stop thinking about it,5,4,Tuesday,TRUE,0.1861,0.3794,0.8829,0.1945,0.5094
2026-01-06 06:22:40,user_027,Telegram,I feel really tired today,4,6,Tuesday,FALSE,0.3804,0.5006,0.4629,0.1698,0.4047
2026-01-06 06:31:38,user_012,Snapchat,My parents are so annoying,23,6,Tuesday,FALSE,0.1898,0.4654,0.4033,0.1675,0.3692
2026-01-06 07:51:17,user_041,Telegram,I don't know what to do,3,7,Tuesday,FALSE,0.2577,0.489,0.6127,0.1564,0.4491
2026-01-06 11:10:54,user_002,Discord,I don't know what to do,1,11,Tuesday,FALSE,0.3428,0.4711,0.7942,0.0538,0.4799
2026-01-06 18:57:38,user_047,Messenger,I had fun with my friends,23,18,Tuesday,FALSE,0.8453,0.1578,0.0479,0.0276,0.0868
2026-01-06 19:08:29,user_049,Snapchat,"Please reply, I'm worrying",8,19,Tuesday,FALSE,0.1432,0.5592,0.6719,0.0594,0.4737
2026-01-06 20:51:12,user_017,Discord,My parents are so annoying,13,20,Tuesday,FALSE,0.1518,0.5051,0.3054,0.0964,0.333
2026-01-06 21:34:37,user_065,Snapchat,Did you do the homework?,21,21,Tuesday,FALSE,0.8633,0.1974,0.0221,0.003,0.0874
2026-01-06 21:42:56,user_064,Discord,Can you send me the link?,8,21,Tuesday,FALSE,0.8035,0.0377,0.0784,0.0323,0.0506
2026-01-06 21:52:42,user_002,WhatsApp,School is stressing me out,25,21,Tuesday,FALSE,0.1412,0.5438,0.5482,0.0716,0.4273
2026-01-06 22:41:39,user_034,Instagram,Everything feels overwhelming,14,22,Tuesday,FALSE,0.3897,0.4805,0.6595,0.0338,0.4315
2026-01-06 23:12:57,user_007,Instagram,"Please reply, I'm worrying",15,23,Tuesday,FALSE,0.0515,0.5317,0.8715,0.0663,0.5343
2026-01-07 00:42:47,user_043,Snapchat,I'm so nervous,12,0,Wednesday,TRUE,0,0.3403,0.8725,0.037,0.4508
2026-01-07 01:42:00,user_012,Instagram,Nothing matters,1,1,Wednesday,TRUE,0,0.8407,0.435,0.04,0.4986
2026-01-07 03:25:31,user_012,Discord,I can't stop thinking about it,22,3,Wednesday,TRUE,0.1818,0.4501,0.7958,0.1384,0.4932
2026-01-07 06:12:26,user_002,Snapchat,"Please reply, I'm worrying",19,6,Wednesday,FALSE,0.0664,0.3392,0.7133,0.1905,0.433
2026-01-07 08:30:45,user_017,Telegram,Everyone is hanging out without me,2,8,Wednesday,FALSE,0.1544,0.6991,0.5462,0.1962,0.5199
2026-01-07 12:14:34,user_042,Instagram,What time is it?,19,12,Wednesday,FALSE,0.5701,0.1987,0.0468,0.0458,0.1073
2026-01-07 12:36:35,user_016,Instagram,Can you send me the link?,20,12,Wednesday,FALSE,0.6443,0.0773,0.0901,0.0275,0.0693
2026-01-07 17:58:13,user_064,Instagram,My chest feels tight,22,17,Wednesday,FALSE,0.1322,0.4687,0.6008,0.1814,0.4431
2026-01-07 18:11:32,user_065,Snapchat,On my way,19,18,Wednesday,FALSE,0.9163,0.136,0.1752,0.0277,0.1226
2026-01-07 18:15:40,user_057,Instagram,I'm so nervous,4,18,Wednesday,FALSE,0.399,0.3736,0.824,0.0197,0.4428
2026-01-07 19:38:47,user_004,Snapchat,Did you do the homework?,24,19,Wednesday,FALSE,0.5307,0.0946,0.0338,0.0026,0.0503
2026-01-07 19:58:55,user_014,Discord,I'm so nervous,22,19,Wednesday,FALSE,0.1832,0.2243,0.8892,0.0958,0.4249
2026-01-07 20:19:53,user_061,WhatsApp,My chest feels tight,21,20,Wednesday,FALSE,0.2237,0.2107,0.739,0.0005,0.3431
2026-01-07 20:23:44,user_006,Telegram,Feeling left out,6,20,Wednesday,FALSE,0.2375,0.7743,0.3328,0.0496,0.4386
2026-01-07 20:38:31,user_059,WhatsApp,Can't wait for the weekend,3,20,Wednesday,FALSE,0.5347,0.1926,0.0568,0.0117,0.0998
2026-01-07 21:04:52,user_065,Discord,"Please reply, I'm worrying",7,21,Wednesday,FALSE,0.0026,0.4523,0.6412,0.0136,0.4087
2026-01-07 22:04:56,user_073,Snapchat,So much homework,10,22,Wednesday,FALSE,0.3094,0.3932,0.3259,0.0913,0.2942
2026-01-07 22:33:42,user_042,Messenger,My chest feels tight,2,22,Wednesday,FALSE,0.0559,0.3489,0.776,0.0756,0.4301
2026-01-07 23:49:24,user_055,Snapchat,Best day ever,25,23,Wednesday,FALSE,0.8948,0.1957,0.0427,0.0106,0.0959
2026-01-08 00:17:13,user_055,Discord,I don't feel like talking to anyone,14,0,Thursday,TRUE,0.0305,0.6634,0.5141,0.156,0.4843
2026-01-08 00:37:45,user_013,Snapchat,Everything feels overwhelming,13,0,Thursday,TRUE,0.1386,0.6582,0.5882,0.0747,0.4878
2026-01-08 01:22:28,user_048,Messenger,I can't stop thinking about it,15,1,Thursday,TRUE,0.1318,0.5128,0.741,0.1651,0.5057
2026-01-08 04:19:38,user_065,Telegram,I just want to stay in bed,9,4,Thursday,TRUE,0.1685,0.7757,0.3875,0.0608,0.4611
2026-01-08 04:59:11,user_011,Instagram,My chest feels tight,10,4,Thursday,TRUE,0.0397,0.3074,0.7691,0.1439,0.4281
2026-01-08 05:15:37,user_062,WhatsApp,My chest feels tight,7,5,Thursday,FALSE,0.1857,0.5126,0.7611,0.0638,0.4873
2026-01-08 06:02:30,user_072,Discord,Just woke up,23,6,Thursday,FALSE,0.7182,0.199,0.1854,0.002,0.145
2026-01-08 07:52:16,user_070,Discord,Are we still on for later?,5,7,Thursday,FALSE,0.7459,0.1857,0.1221,0.0089,0.1192
2026-01-08 10:27:05,user_040,Discord,Just woke up,4,10,Thursday,FALSE,0.5998,0.0051,0.0342,0.0146,0.0177
2026-01-08 10:47:56,user_010,Instagram,So much homework,10,10,Thursday,FALSE,0.3177,0.3175,0.4851,0.1058,0.3232
2026-01-08 11:31:37,user_047,Snapchat,Trying to keep it together,5,11,Thursday,FALSE,0.2706,0.5299,0.3853,0.0123,0.3499
2026-01-08 18:00:52,user_075,WhatsApp,Did you do the homework?,25,18,Thursday,FALSE,0.5884,0.1943,0.1075,0.0489,0.1276
2026-01-08 18:12:54,user_029,WhatsApp,I can't deal with this right now,20,18,Thursday,FALSE,0.1279,0.4095,0.5038,0.1593,0.38
2026-01-08 19:25:28,user_061,Telegram,I can't stop thinking about it,3,19,Thursday,FALSE,0.2019,0.3159,0.6666,0.0789,0.3794
2026-01-08 21:34:49,user_038,Instagram,Feeling great today,10,21,Thursday,FALSE,0.7563,0.0938,0.1468,0.0211,0.0942
2026-01-08 22:24:20,user_056,WhatsApp,I have no real friends,21,22,Thursday,FALSE,0.026,0.5383,0.5757,0.0884,0.4389
2026-01-08 23:38:19,user_015,Snapchat,Can you send me the link?,12,23,Thursday,FALSE,0.6064,0.1313,0.0448,0.0054,0.0696
2026-01-09 03:56:59,user_006,Telegram,I'm worried about exams,8,3,Friday,TRUE,0,0.5135,0.4123,0.1199,0.3797
2026-01-09 06:36:56,user_072,Telegram,I don't know what to do,8,6,Friday,FALSE,0.2622,0.5658,0.7187,0.0918,0.5008
2026-01-09 07:14:02,user_042,WhatsApp,I can't stop thinking about it,21,7,Friday,FALSE,0.3631,0.3879,0.7084,0.0909,0.4258
2026-01-09 08:02:09,user_039,Discord,What if it goes wrong?,21,8,Friday,FALSE,0.2551,0.3528,0.8646,0.1961,0.4927
2026-01-09 08:25:44,user_044,Messenger,That was hilarious,11,8,Friday,FALSE,0.8625,0.1998,0.1757,0.0105,0.144
2026-01-09 08:38:31,user_041,Telegram,Just woke up,7,8,Friday,FALSE,0.5572,0.0909,0.109,0.0474,0.0864
2026-01-09 09:19:13,user_002,Messenger,Did you do the homework?,19,9,Friday,FALSE,0.8043,0.1458,0.0239,0.0098,0.0691
2026-01-09 10:34:12,user_018,Messenger,See you tomorrow,20,10,Friday,FALSE,0.625,0.149,0.1537,0.0423,0.124
2026-01-09 10:35:07,user_037,Instagram,Feeling great today,7,10,Friday,FALSE,0.5972,0.1171,0.1531,0.0022,0.101
2026-01-09 15:39:13,user_068,Messenger,Everything feels overwhelming,16,15,Friday,FALSE,0.1673,0.3521,0.6789,0.1168,0.4077
2026-01-09 16:28:18,user_047,Telegram,I just want to stay in bed,1,16,Friday,FALSE,0.1468,0.5003,0.4552,0.0758,0.3784
2026-01-09 17:11:12,user_057,Instagram,Wish I had someone to talk to,25,17,Friday,FALSE,0.3269,0.7485,0.3366,0.1536,0.4556
2026-01-09 17:57:05,user_013,Snapchat,Just woke up,2,17,Friday,FALSE,0.8523,0.0863,0.1307,0.0304,0.0879
2026-01-09 18:24:58,user_029,Snapchat,What if it goes wrong?,8,18,Friday,FALSE,0.29,0.514,0.7962,0.1932,0.5326
2026-01-09 18:56:49,user_001,Messenger,Having the best time,19,18,Friday,FALSE,0.8749,0.1389,0.1755,0.0227,0.1227
2026-01-09 20:36:57,user_011,Telegram,"Please reply, I'm worrying",20,20,Friday,FALSE,0.3062,0.5924,0.6106,0.19,0.4982
2026-01-09 21:41:30,user_017,Messenger,Just woke up,9,21,Friday,FALSE,0.8029,0.0361,0.1417,0.0253,0.0704
2026-01-09 21:46:28,user_013,Instagram,I'm so nervous,8,21,Friday,FALSE,0.1676,0.5593,0.8241,0.046,0.5237
2026-01-09 21:54:32,user_070,Discord,"Please reply, I'm worrying",18,21,Friday,FALSE,0.2328,0.436,0.7215,0.1813,0.4723
2026-01-10 01:41:49,user_038,Messenger,I feel empty,18,1,Saturday,TRUE,0,0.8289,0.4472,0.0061,0.4896
2026-01-10 04:14:24,user_050,Telegram,I feel empty,14,4,Saturday,TRUE,0,0.7659,0.3324,0.0932,0.446
2026-01-10 06:14:47,user_007,Messenger,Everyone is hanging out without me,16,6,Saturday,FALSE,0.3152,0.5994,0.3782,0.0588,0.3868
2026-01-10 07:42:40,user_006,Instagram,Everything feels overwhelming,1,7,Saturday,FALSE,0.3274,0.4691,0.8253,0.0449,0.4877
2026-01-10 07:45:48,user_053,Discord,I'll be there in 5,14,7,Saturday,FALSE,0.5758,0.1507,0.0843,0.0114,0.0927
2026-01-10 07:56:58,user_056,Discord,Did you do the homework?,20,7,Saturday,FALSE,0.6955,0.1647,0.17,0.0208,0.1306
2026-01-10 08:18:19,user_056,Snapchat,On my way,20,8,Saturday,FALSE,0.5833,0.0888,0.0894,0.0363,0.0759
2026-01-10 08:20:07,user_025,Telegram,I need a break,2,8,Saturday,FALSE,0.346,0.5475,0.3003,0.1739,0.3676
2026-01-10 08:49:09,user_011,Instagram,Everyone is hanging out without me,10,8,Saturday,FALSE,0.1584,0.6382,0.4976,0.0401,0.4394
2026-01-10 09:35:41,user_036,Discord,Just woke up,23,9,Saturday,FALSE,0.718,0.1893,0.1845,0.0125,0.1434
2026-01-10 13:47:47,user_055,Messenger,Okay,12,13,Saturday,FALSE,0.7782,0.1173,0.1123,0.0165,0.0903
2026-01-10 13:54:07,user_003,Snapchat,I had fun with my friends,24,13,Saturday,FALSE,0.6571,0.1716,0.0555,0.0426,0.0987
2026-01-10 15:51:36,user_005,Telegram,Just woke up,14,15,Saturday,FALSE,0.7235,0.0237,0.0995,0.0327,0.0525
2026-01-10 17:09:58,user_017,Messenger,On my way,11,17,Saturday,FALSE,0.5645,0.1418,0.0169,0.0279,0.0696
2026-01-10 17:53:40,user_030,WhatsApp,"Please reply, I'm worrying",3,17,Saturday,FALSE,0.1447,0.2278,0.6577,0.1323,0.3544
2026-01-10 18:24:39,user_060,Snapchat,My chest feels tight,1,18,Saturday,FALSE,0.3651,0.3845,0.6429,0.0508,0.3915
2026-01-10 19:29:40,user_035,Snapchat,I'm so nervous,16,19,Saturday,FALSE,0.34,0.3591,0.8387,0.1936,0.4856
2026-01-10 20:04:46,user_006,Snapchat,I feel really alone sometimes,6,20,Saturday,FALSE,0.2577,0.6827,0.5909,0.0528,0.4931
2026-01-10 21:04:38,user_054,Messenger,Can't wait for the weekend,3,21,Saturday,FALSE,0.7019,0.1883,0.1139,0.0289,0.1224
2026-01-10 21:27:21,user_056,Snapchat,It's all too much,6,21,Saturday,FALSE,0.0658,0.4048,0.4257,0.0951,0.3347
2026-01-10 21:28:51,user_003,Discord,That was hilarious,24,21,Saturday,FALSE,0.7566,0.0914,0.0115,0.0231,0.0464
2026-01-10 21:53:13,user_016,Telegram,I'm drowning in work,9,21,Saturday,FALSE,0.3334,0.5134,0.552,0.1121,0.4266
2026-01-10 22:10:36,user_027,Instagram,Having the best time,23,22,Saturday,FALSE,0.7176,0.184,0.0907,0.0337,0.1138
2026-01-11 00:09:03,user_038,Instagram,I don't feel like talking to anyone,2,0,Sunday,TRUE,0,0.9142,0.5934,0.1367,0.6075
2026-01-11 01:34:53,user_008,Instagram,I am happy today,13,1,Sunday,TRUE,0.7632,0.2697,0.0333,0.0243,0.1256
2026-01-11 03:48:50,user_062,Snapchat,Nothing matters,15,3,Sunday,TRUE,0,0.9738,0.3216,0.1309,0.5348
2026-01-11 04:12:11,user_075,Discord,Nothing matters,19,4,Sunday,TRUE,0.1037,0.6301,0.5805,0.1256,0.4866
2026-01-11 06:34:08,user_054,Messenger,See you tomorrow,5,6,Sunday,FALSE,0.8352,0.1486,0.1892,0.021,0.1309
2026-01-11 11:14:24,user_045,Messenger,Everything feels overwhelming,17,11,Sunday,FALSE,0.0703,0.5185,0.392,0.1643,0.3857
2026-01-11 11:50:21,user_043,Discord,So much homework,5,11,Sunday,FALSE,0.302,0.3597,0.4527,0.1,0.3273
2026-01-11 12:45:30,user_062,Messenger,That was hilarious,16,12,Sunday,FALSE,0.5026,0.1101,0.1858,0.0203,0.1142
2026-01-11 14:10:59,user_061,Snapchat,Are we still on for later?,9,14,Sunday,FALSE,0.6401,0.0727,0.0178,0.009,0.0376
2026-01-11 14:52:56,user_007,Instagram,Can't wait for the weekend,21,14,Sunday,FALSE,0.7594,0.0791,0.147,0.0279,0.0901
2026-01-11 16:04:02,user_050,Messenger,Nobody understands,21,16,Sunday,FALSE,0.0715,0.5094,0.3321,0.0383,0.3296
2026-01-11 16:40:52,user_042,Snapchat,What time is it?,13,16,Sunday,FALSE,0.7175,0.1928,0.0474,0.013,0.097
2026-01-11 18:43:40,user_058,Instagram,I feel really alone sometimes,10,18,Sunday,FALSE,0.2009,0.713,0.29,0.0808,0.4069
2026-01-11 18:49:37,user_014,Telegram,I'll be there in 5,11,18,Sunday,FALSE,0.9769,0.0976,0.1766,0.0212,0.1061
2026-01-11 18:55:57,user_060,Telegram,You're the best,6,18,Sunday,FALSE,0.7377,0.0673,0.1806,0.0094,0.0925
2026-01-11 19:35:03,user_002,Discord,On my way,20,19,Sunday,FALSE,0.7008,0.1235,0.0822,0.0432,0.089
2026-01-11 19:53:04,user_010,Messenger,What time is it?,4,19,Sunday,FALSE,0.986,0.0765,0.1358,0.0076,0.0801
2026-01-11 20:08:09,user_002,Discord,What time is it?,24,20,Sunday,FALSE,0.8837,0.0473,0.1357,0.0171,0.0707
2026-01-11 20:36:22,user_021,Telegram,What if it goes wrong?,11,20,Sunday,FALSE,0.2661,0.2667,0.8648,0.0361,0.4184
2026-01-11 21:31:55,user_068,Snapchat,School is stressing me out,8,21,Sunday,FALSE,0.0746,0.4502,0.4374,0.1853,0.3795
2026-01-11 21:39:26,user_048,Telegram,It's all too much,4,21,Sunday,FALSE,0.0131,0.4112,0.433,0.1901,0.3635
2026-01-11 21:41:02,user_023,Instagram,Just woke up,14,21,Sunday,FALSE,0.5167,0.073,0.0263,0.0455,0.0498
2026-01-11 22:33:09,user_073,Instagram,Can you send me the link?,15,22,Sunday,FALSE,0.6262,0.0709,0.159,0.004,0.085
2026-01-12 00:21:41,user_060,Instagram,Okay,14,0,Monday,TRUE,0.765,0.2481,0.1032,0.0276,0.1423
2026-01-12 00:53:49,user_034,WhatsApp,I can't sleep again tonight,19,0,Monday,TRUE,0,0.5202,0.5059,0.1875,0.432
2026-01-12 01:35:57,user_075,Discord,I can't stop thinking about it,23,1,Monday,TRUE,0.0147,0.6418,0.6494,0.0884,0.5061
2026-01-12 01:41:07,user_069,Telegram,I can't stop thinking about it,19,1,Monday,TRUE,0.0947,0.6932,0.7359,0.1611,0.5751
2026-01-12 02:00:43,user_048,Instagram,Nothing matters,20,2,Monday,TRUE,0,0.7442,0.524,0.1486,0.5182
2026-01-12 03:02:17,user_030,Instagram,I can't sleep again tonight,10,3,Monday,TRUE,0,0.5849,0.3273,0.0102,0.3511
2026-01-12 04:01:15,user_035,Instagram,Wish I had someone to talk to,6,4,Monday,TRUE,0,0.7679,0.4308,0.1294,0.4903
2026-01-12 04:33:45,user_018,Snapchat,I'm drowning in work,16,4,Monday,TRUE,0.1053,0.6541,0.5057,0.1585,0.4783
2026-01-12 05:02:34,user_032,Instagram,What time is it?,2,5,Monday,FALSE,0.8198,0.1884,0.0556,0.0066,0.0965
2026-01-12 06:40:38,user_070,Messenger,I had fun with my friends,12,6,Monday,FALSE,0.9934,0.1868,0.0264,0.043,0.0947
2026-01-12 07:07:05,user_001,Snapchat,I'll be there in 5,19,7,Monday,FALSE,0.8723,0.0232,0.0735,0.0427,0.0457
2026-01-12 07:10:17,user_037,Telegram,Having the best time,23,7,Monday,FALSE,0.757,0.0413,0.0701,0.0159,0.045
2026-01-12 08:08:31,user_034,Telegram,Why am I always alone,25,8,Monday,FALSE,0.1124,0.6082,0.429,0.1806,0.4386
2026-01-12 11:29:39,user_031,Telegram,Best day ever,11,11,Monday,FALSE,0.5876,0.1118,0.0134,0.0355,0.0583
2026-01-12 16:15:54,user_031,Snapchat,School is stressing me out,25,16,Monday,FALSE,0.3639,0.4179,0.5934,0.0511,0.3876
2026-01-12 16:31:48,user_040,Messenger,Did you do the homework?,20,16,Monday,FALSE,0.7786,0.0081,0.0656,0.0058,0.0277
2026-01-12 17:13:29,user_040,WhatsApp,"Please reply, I'm worrying",6,17,Monday,FALSE,0.1476,0.5855,0.7818,0.1437,0.5437
2026-01-12 18:07:35,user_066,Telegram,Did you do the homework?,5,18,Monday,FALSE,0.9968,0.157,0.1539,0.0385,0.1263
2026-01-12 18:18:23,user_071,Discord,I don't know what to do,23,18,Monday,FALSE,0.3829,0.382,0.7435,0.1978,0.4624
2026-01-12 18:47:48,user_055,Snapchat,What if it goes wrong?,22,18,Monday,FALSE,0.0839,0.2902,0.8235,0.0705,0.4219
2026-01-12 19:57:02,user_008,Telegram,Having the best time,11,19,Monday,FALSE,0.5584,0.005,0.1235,0.011,0.048
2026-01-12 20:24:41,user_054,WhatsApp,My parents are so annoying,25,20,Monday,FALSE,0.2962,0.381,0.3255,0.0148,0.27
2026-01-12 20:35:30,user_002,Telegram,What if it goes wrong?,14,20,Monday,FALSE,0.284,0.5575,0.8023,0.1068,0.5305
2026-01-12 21:17:44,user_001,Messenger,I don't know what to do,7,21,Monday,FALSE,0.1474,0.4636,0.7855,0.095,0.4841
2026-01-13 01:58:53,user_028,Instagram,"Please reply, I'm worrying",9,1,Tuesday,TRUE,0,0.4794,0.8117,0.0011,0.4761
2026-01-13 02:49:41,user_010,Telegram,My chest feels tight,15,2,Tuesday,TRUE,0.1798,0.3614,0.6097,0.09,0.3804
2026-01-13 05:24:35,user_004,Instagram,I can't deal with this right now,19,5,Tuesday,FALSE,0.1637,0.4475,0.513,0.0888,0.3808
2026-01-13 05:40:17,user_012,Messenger,I can't deal with this right now,20,5,Tuesday,FALSE,0.0957,0.3524,0.5075,0.1193,0.3484
2026-01-13 08:15:19,user_063,Messenger,Best day ever,6,8,Tuesday,FALSE,0.8467,0.1022,0.0836,0.0069,0.0719
2026-01-13 14:11:36,user_063,Instagram,I'm drowning in work,25,14,Tuesday,FALSE,0.3489,0.3439,0.5196,0.1878,0.3664
2026-01-13 14:18:02,user_033,Telegram,I'll be there in 5,3,14,Tuesday,FALSE,0.999,0.0259,0.0796,0.0329,0.0464
2026-01-13 15:05:19,user_031,Instagram,I just want to stay in bed,18,15,Tuesday,FALSE,0.3949,0.6867,0.5586,0.191,0.5179
2026-01-13 15:20:35,user_018,Snapchat,Nothing matters,24,15,Tuesday,FALSE,0.1389,0.8567,0.4933,0.0043,0.5164
2026-01-13 15:36:57,user_016,WhatsApp,I'm worried about exams,18,15,Tuesday,FALSE,0.123,0.4437,0.3731,0.1087,0.3352
2026-01-13 16:25:20,user_034,Snapchat,I don't know what to do,4,16,Tuesday,FALSE,0.3842,0.2744,0.6078,0.1035,0.3484
2026-01-13 17:44:20,user_025,Instagram,So much homework,2,17,Tuesday,FALSE,0.2425,0.4532,0.5064,0.1325,0.3916
2026-01-13 18:35:10,user_048,Discord,On my way,13,18,Tuesday,FALSE,0.9822,0.1858,0.1511,0.0345,0.1358
2026-01-13 19:35:26,user_048,Telegram,So much homework,11,19,Tuesday,FALSE,0.047,0.5987,0.516,0.176,0.4641
2026-01-13 19:46:49,user_059,Discord,"Please reply, I'm worrying",21,19,Tuesday,FALSE,0.3746,0.5582,0.6251,0.1187,0.4718
2026-01-13 20:10:33,user_068,Discord,I don't know what to do,21,20,Tuesday,FALSE,0.0789,0.2455,0.8609,0.1771,0.4438
2026-01-13 20:37:46,user_037,Messenger,On my way,20,20,Tuesday,FALSE,0.6573,0.028,0.0554,0.0042,0.0316
2026-01-13 20:56:23,user_044,WhatsApp,So much homework,24,20,Tuesday,FALSE,0.3322,0.3771,0.5474,0.0964,0.3665
2026-01-13 21:44:25,user_043,Instagram,What if it goes wrong?,2,21,Tuesday,FALSE,0.1534,0.4389,0.727,0.0146,0.4336
2026-01-13 21:49:35,user_020,Snapchat,I don't know what to do,17,21,Tuesday,FALSE,0.3071,0.4011,0.6387,0.1736,0.4274
2026-01-13 23:19:00,user_066,Telegram,I'll be there in 5,18,23,Tuesday,FALSE,0.6074,0.063,0.1543,0.0472,0.091
2026-01-13 23:36:35,user_025,WhatsApp,Did you do the homework?,17,23,Tuesday,FALSE,0.7456,0.1358,0.0451,0.0371,0.0794
2026-01-14 01:22:02,user_023,Instagram,School is stressing me out,14,1,Wednesday,TRUE,0.0668,0.6514,0.3895,0.1841,0.4429
2026-01-14 02:18:24,user_025,Instagram,Everyone is hanging out without me,11,2,Wednesday,TRUE,0,0.8596,0.3479,0.0655,0.482
2026-01-14 09:21:29,user_006,Messenger,I just want to stay in bed,10,9,Wednesday,FALSE,0.1932,0.6905,0.3753,0.1394,0.4424
2026-01-14 09:29:10,user_020,Instagram,I don't know what to do,22,9,Wednesday,FALSE,0.2847,0.5893,0.6856,0.1679,0.5176
2026-01-14 13:37:16,user_071,Telegram,Can you send me the link?,14,13,Wednesday,FALSE,0.7118,0.0731,0.0551,0.034,0.057
2026-01-14 13:46:33,user_035,Snapchat,It's all too much,19,13,Wednesday,FALSE,0.2464,0.5759,0.5324,0.093,0.4399
2026-01-14 16:15:57,user_054,Discord,You're the best,9,16,Wednesday,FALSE,0.8303,0.1362,0.1443,0.0328,0.1131
2026-01-14 16:31:45,user_072,Snapchat,I'm so far behind,6,16,Wednesday,FALSE,0.2053,0.4587,0.5083,0.0911,0.3842
2026-01-14 17:37:48,user_053,Snapchat,Everything feels overwhelming,12,17,Wednesday,FALSE,0.37,0.4688,0.3303,0.0572,0.3174
2026-01-14 18:32:20,user_002,Messenger,I can't deal with this right now,13,18,Wednesday,FALSE,0.3462,0.4456,0.3507,0.105,0.3272
2026-01-14 20:19:05,user_058,Discord,Everything feels overwhelming,13,20,Wednesday,FALSE,0.2232,0.4249,0.4788,0.1237,0.3685
2026-01-14 21:59:09,user_075,WhatsApp,So much homework,15,21,Wednesday,FALSE,0.0126,0.8901,0.4219,0.8498,0.7162
2026-01-14 22:38:03,user_041,Telegram,I feel empty,23,22,Wednesday,FALSE,0.2462,0.7648,0.3962,0.1145,0.4732
2026-01-15 00:14:13,user_066,Discord,Okay,5,0,Thursday,TRUE,0.3717,0.1951,0.0,0.0039,0.079
2026-01-15 04:59:45,user_039,Telegram,I have so much to do,5,4,Thursday,TRUE,0.158,0.6538,0.3752,0.127,0.4246
2026-01-15 05:31:37,user_064,Snapchat,Okay,2,5,Thursday,FALSE,0.7016,0.1676,0.1047,0.042,0.1142
2026-01-15 08:18:04,user_056,Snapchat,I feel really tired today,1,8,Thursday,FALSE,0.1815,0.5869,0.5302,0.0247,0.4265
2026-01-15 16:17:29,user_067,Snapchat,I can't stop thinking about it,4,16,Thursday,FALSE,0.2688,0.4752,0.6222,0.1785,0.4525
2026-01-15 17:05:47,user_062,Discord,Just woke up,5,17,Thursday,FALSE,0.9042,0.0021,0.1897,0.0339,0.0757
2026-01-15 19:21:59,user_054,Instagram,I have so much to do,17,19,Thursday,FALSE,0.0275,0.4135,0.3397,0.0033,0.2851
2026-01-15 19:54:00,user_038,Instagram,My chest feels tight,19,19,Thursday,FALSE,0.2333,0.299,0.7465,0.0219,0.3863
2026-01-15 20:14:56,user_012,Discord,Okay,8,20,Thursday,FALSE,0.8948,0.1276,0.1223,0.0085,0.096
2026-01-15 20:27:38,user_015,Messenger,You're the best,22,20,Thursday,FALSE,0.7979,0.0936,0.0503,0.0277,0.062
2026-01-15 20:34:27,user_001,WhatsApp,Trying to keep it together,6,20,Thursday,FALSE,0.1807,0.3003,0.4394,0.1659,0.3154
2026-01-15 21:25:55,user_005,WhatsApp,I'm so nervous,1,21,Thursday,FALSE,0.3205,0.3326,0.8732,0.0431,0.4494
2026-01-15 22:13:05,user_074,Discord,You're the best,3,22,Thursday,FALSE,0.5058,0.154,0.0306,0.0309,0.08
2026-01-15 22:37:29,user_016,Telegram,Best day ever,15,22,Thursday,FALSE,0.9309,0.1506,0.1776,0.0483,0.1345
2026-01-15 23:08:32,user_044,Snapchat,Everyone is hanging out without me,4,23,Thursday,FALSE,0.3617,0.6063,0.4207,0.1114,0.4176
2026-01-15 23:27:15,user_050,Messenger,My chest feels tight,5,23,Thursday,FALSE,0.0771,0.5314,0.7933,0.1603,0.5303
2026-01-16 02:53:08,user_070,WhatsApp,Everything feels overwhelming,8,2,Friday,TRUE,0,0.4493,0.7137,0.0226,0.4352
2026-01-16 03:08:12,user_031,Instagram,Loved the movie,16,3,Friday,TRUE,0.3061,0.1995,0.0997,0.0404,0.1248
2026-01-16 07:08:47,user_029,Telegram,School is stressing me out,17,7,Friday,FALSE,0.2983,0.4429,0.5334,0.1026,0.3895
2026-01-16 07:48:19,user_004,WhatsApp,Wish I had someone to talk to,21,7,Friday,FALSE,0.0024,0.761,0.4699,0.0802,0.4889
2026-01-16 09:07:17,user_013,Messenger,You're the best,5,9,Friday,FALSE,0.584,0.074,0.033,0.0122,0.0442
2026-01-16 12:09:01,user_002,Discord,Did you do the homework?,3,12,Friday,FALSE,0.6177,0.0902,0.0497,0.0291,0.0607
2026-01-16 12:20:33,user_034,Telegram,I'll be there in 5,25,12,Friday,FALSE,0.5498,0.1602,0.1009,0.0316,0.1073
2026-01-16 18:53:50,user_023,Telegram,I can't sleep again tonight,14,18,Friday,FALSE,0.203,0.4279,0.4401,0.0328,0.3334
2026-01-16 18:56:44,user_030,Telegram,Just woke up,24,18,Friday,FALSE,0.5338,0.0035,0.1824,0.0224,0.0709
2026-01-16 18:58:51,user_041,Instagram,I can't sleep again tonight,12,18,Friday,FALSE,0.2559,0.3312,0.4489,0.0662,0.3062
2026-01-16 19:07:24,user_020,WhatsApp,Loved the movie,23,19,Friday,FALSE,0.7783,0.026,0.1168,0.0128,0.0545
2026-01-16 19:21:50,user_061,Instagram,I'm drowning in work,2,19,Friday,FALSE,0.3456,0.5432,0.38,0.1575,0.3897
2026-01-16 19:52:20,user_029,WhatsApp,I don't feel like talking to anyone,19,19,Friday,FALSE,0.0338,0.647,0.3574,0.0755,0.4028
2026-01-16 20:28:51,user_044,Discord,I can't stop thinking about it,12,20,Friday,FALSE,0.2304,0.3597,0.7305,0.1668,0.4413
2026-01-16 20:49:04,user_065,Discord,I am happy today,10,20,Friday,FALSE,0.5069,0.0431,0.1845,0.0474,0.0937
2026-01-16 21:49:49,user_047,Messenger,I need a break,25,21,Friday,FALSE,0.22,0.4056,0.3653,0.1801,0.3351
2026-01-16 21:53:14,user_029,WhatsApp,I have no real friends,4,21,Friday,FALSE,0.194,0.739,0.4177,0.0714,0.4596
2026-01-16 22:00:12,user_002,Telegram,I have so much to do,17,22,Friday,FALSE,0.078,0.4759,0.3985,0.1822,0.3754
2026-01-16 23:58:32,user_065,Snapchat,I'll be there in 5,2,23,Friday,FALSE,0.8751,0.0256,0.1051,0.0212,0.0524
2026-01-17 01:12:56,user_037,Snapchat,Loved the movie,7,1,Saturday,TRUE,0.5577,0.2978,0.1086,0.0127,0.1603
2026-01-17 03:18:02,user_035,WhatsApp,On my way,22,3,Saturday,TRUE,0.672,0.2802,0.0321,0.0099,0.1258
2026-01-17 04:12:01,user_003,WhatsApp,Feeling left out,15,4,Saturday,TRUE,0,0.7166,0.5378,0.1287,0.5071
2026-01-17 04:13:41,user_054,Messenger,Feeling great today,17,4,Saturday,TRUE,0.6696,0.1657,0.0556,0.0322,0.0938
2026-01-17 05:02:24,user_057,Messenger,I'm so nervous,21,5,Saturday,FALSE,0.2784,0.4522,0.8689,0.0719,0.503
2026-01-17 06:08:09,user_017,Telegram,I am happy today,25,6,Saturday,FALSE,0.7538,0.108,0.1477,0.0263,0.1015
2026-01-17 09:30:46,user_017,Instagram,Wish I had someone to talk to,22,9,Saturday,FALSE,0.3102,0.543,0.5615,0.1644,0.4548
2026-01-17 09:38:54,user_035,Messenger,Everything feels overwhelming,19,9,Saturday,FALSE,0.0931,0.4274,0.4497,0.153,0.3666
2026-01-17 12:38:17,user_007,WhatsApp,I can't deal with this right now,4,12,Saturday,FALSE,0.2074,0.3328,0.315,0.0498,0.2558
2026-01-17 15:38:38,user_002,Snapchat,School is stressing me out,12,15,Saturday,FALSE,0.3634,0.4083,0.3444,0.1708,0.3266
2026-01-17 18:39:14,user_022,Telegram,Having the best time,8,18,Saturday,FALSE,0.9995,0.1199,0.1464,0.0473,0.111
2026-01-17 18:40:39,user_066,Snapchat,I feel really tired today,16,18,Saturday,FALSE,0.1007,0.6629,0.3083,0.1262,0.4046
2026-01-17 20:11:48,user_047,WhatsApp,That was hilarious,22,20,Saturday,FALSE,0.7719,0.1745,0.1654,0.0342,0.1362
2026-01-17 20:15:50,user_009,Snapchat,See you tomorrow,3,20,Saturday,FALSE,0.777,0.0738,0.1607,0.0276,0.0927
2026-01-17 20:18:20,user_023,Discord,What time is it?,2,20,Saturday,FALSE,0.954,0.0179,0.1148,0.0268,0.054
2026-01-17 20:29:22,user_036,Snapchat,I'll be there in 5,25,20,Saturday,FALSE,0.6115,0.132,0.0797,0.0139,0.0842
2026-01-17 21:42:53,user_026,Snapchat,I feel really alone sometimes,8,21,Saturday,FALSE,0.3797,0.6882,0.3738,0.1173,0.4354
2026-01-18 00:12:44,user_044,Discord,"Please reply, I'm worrying",11,0,Sunday,TRUE,0,0.52,0.6901,0.1534,0.4879
2026-01-18 05:13:22,user_040,Messenger,What if it goes wrong?,16,5,Sunday,FALSE,0.2385,0.2377,0.8202,0.1006,0.4073
2026-01-18 05:39:45,user_042,Messenger,See you tomorrow,18,5,Sunday,FALSE,0.9606,0.0265,0.1421,0.0488,0.0725
2026-01-18 05:42:44,user_029,Messenger,You're the best,9,5,Sunday,FALSE,0.9967,0.0058,0.1858,0.0163,0.0714
2026-01-18 10:16:21,user_031,Messenger,Did you do the homework?,18,10,Sunday,FALSE,0.7779,0.1033,0.0382,0.0121,0.0577
2026-01-18 11:35:59,user_003,Telegram,I feel really alone sometimes,20,11,Sunday,FALSE,0.3847,0.679,0.3588,0.1453,0.4335
2026-01-18 13:37:38,user_022,Messenger,My chest feels tight,24,13,Sunday,FALSE,0.1767,0.4045,0.8027,0.1587,0.4824
2026-01-18 15:08:37,user_062,WhatsApp,Just woke up,5,15,Sunday,FALSE,0.5046,0.1391,0.1634,0.0494,0.1252
2026-01-18 15:47:52,user_068,Snapchat,I'll be there in 5,8,15,Sunday,FALSE,0.7218,0.0605,0.0734,0.0276,0.0568
2026-01-18 18:06:58,user_020,Messenger,Did you do the homework?,16,18,Sunday,FALSE,0.5516,0.0146,0.1143,0.0125,0.049
2026-01-18 18:48:52,user_070,Snapchat,What's the point,22,18,Sunday,FALSE,0.3715,0.6197,0.4256,0.1133,0.4252
2026-01-18 19:17:46,user_039,WhatsApp,My parents are so annoying,6,19,Sunday,FALSE,0.2099,0.3849,0.3302,0.0388,0.2792
2026-01-18 19:18:10,user_047,Messenger,Trying to keep it together,16,19,Sunday,FALSE,0.0017,0.5176,0.5773,0.1841,0.4551
2026-01-18 19:20:19,user_075,WhatsApp,I'm so far behind,3,19,Sunday,FALSE,0.1218,0.583,0.4304,0.1965,0.433
2026-01-18 19:39:03,user_055,Telegram,Having the best time,10,19,Sunday,FALSE,0.9936,0.0967,0.1377,0.0467,0.0986
2026-01-18 21:10:58,user_063,Discord,See you tomorrow,25,21,Sunday,FALSE,0.9397,0.1533,0.0813,0.0017,0.0902
2026-01-18 21:59:51,user_021,WhatsApp,What time is it?,22,21,Sunday,FALSE,0.9616,0.1552,0.1714,0.0364,0.1312
2026-01-18 22:04:34,user_071,Instagram,Just woke up,4,22,Sunday,FALSE,0.5543,0.1139,0.0903,0.0447,0.0884
2026-01-18 23:26:44,user_063,Instagram,I'm so far behind,18,23,Sunday,FALSE,0.2161,0.4982,0.3892,0.0192,0.3403
2026-01-18 23:38:04,user_012,Discord,Trying to keep it together,18,23,Sunday,FALSE,0.2511,0.4493,0.5414,0.0285,0.3763
2026-01-19 01:45:16,user_014,WhatsApp,Everything feels overwhelming,12,1,Monday,TRUE,0.0714,0.6572,0.406,0.1437,0.4409
2026-01-19 02:41:17,user_015,Discord,I'm worried about exams,11,2,Monday,TRUE,0,0.5806,0.5451,0.1322,0.4561
2026-01-19 04:25:50,user_048,WhatsApp,Feeling left out,24,4,Monday,TRUE,0,0.7902,0.3894,0.1774,0.4967
2026-01-19 06:31:23,user_015,Snapchat,Feeling great today,13,6,Monday,FALSE,0.9523,0.1414,0.0418,0.0098,0.0736
2026-01-19 09:18:42,user_075,Instagram,I feel empty,17,9,Monday,FALSE,0.2291,0.556,0.3511,0.1475,0.3821
2026-01-19 11:46:51,user_019,WhatsApp,Best day ever,21,11,Monday,FALSE,0.6838,0.0599,0.0765,0.0407,0.0609
2026-01-19 15:13:15,user_047,WhatsApp,My parents are so annoying,1,15,Monday,FALSE,0.381,0.3995,0.522,0.0411,0.3528
2026-01-19 16:01:35,user_055,Snapchat,Can you send me the link?,6,16,Monday,FALSE,0.7098,0.0898,0.0556,0.0435,0.0663
2026-01-19 18:43:21,user_047,Discord,Why am I always alone,14,18,Monday,FALSE,0.337,0.6971,0.3393,0.0587,0.4123
2026-01-19 19:08:13,user_033,Telegram,I can't stop thinking about it,21,19,Monday,FALSE,0.2019,0.4844,0.6369,0.1584,0.4563
2026-01-19 20:18:59,user_031,Telegram,What's the point,19,20,Monday,FALSE,0.2813,0.5272,0.5486,0.1936,0.4513
2026-01-19 20:28:19,user_061,Telegram,Did you do the homework?,10,20,Monday,FALSE,0.5779,0.0021,0.1047,0.0379,0.047
2026-01-19 20:50:57,user_054,Discord,What if it goes wrong?,4,20,Monday,FALSE,0.3326,0.4128,0.7577,0.1102,0.4579
2026-01-19 21:36:03,user_008,Discord,I am happy today,18,21,Monday,FALSE,0.5429,0.0688,0.1083,0.0485,0.0775
2026-01-19 21:46:11,user_018,Discord,Can you send me the link?,22,21,Monday,FALSE,0.623,0.0392,0.0352,0.0131,0.0313
2026-01-19 22:24:28,user_014,Instagram,Feeling left out,19,22,Monday,FALSE,0.0812,0.6201,0.3206,0.0846,0.3814
2026-01-19 22:33:04,user_043,Snapchat,I don't feel like talking to anyone,11,22,Monday,FALSE,0.1664,0.7148,0.2368,0.0442,0.3799
2026-01-19 22:50:50,user_019,WhatsApp,What if it goes wrong?,9,22,Monday,FALSE,0.3216,0.2459,0.6593,0.045,0.3404
2026-01-20 03:20:36,user_048,Discord,So much homework,5,3,Tuesday,TRUE,0,0.4615,0.5121,0.1331,0.3971
2026-01-20 04:02:03,user_019,Instagram,I have so much to do,25,4,Tuesday,TRUE,0,0.6879,0.5263,0.0622,0.4749
2026-01-20 05:04:10,user_010,Messenger,Feeling great today,15,5,Tuesday,FALSE,0.8447,0.094,0.0065,0.0144,0.0435
2026-01-20 05:19:39,user_012,Discord,Feeling left out,2,5,Tuesday,FALSE,0.1775,0.539,0.4412,0.1351,0.4038
2026-01-20 05:43:04,user_034,WhatsApp,See you tomorrow,6,5,Tuesday,FALSE,0.9499,0.0284,0.0025,0.0237,0.0182
2026-01-20 06:03:01,user_044,Discord,Did you do the homework?,3,6,Tuesday,FALSE,0.6785,0.0317,0.1656,0.0447,0.0818
2026-01-20 08:04:42,user_042,WhatsApp,I need a break,14,8,Tuesday,FALSE,0.0759,0.505,0.5297,0.0308,0.3951
2026-01-20 08:36:28,user_061,Discord,I can't sleep again tonight,6,8,Tuesday,FALSE,0.1087,0.5344,0.324,0.1945,0.3758
2026-01-20 08:43:41,user_018,Telegram,I can't sleep again tonight,9,8,Tuesday,FALSE,0.299,0.5214,0.3931,0.0759,0.3651
2026-01-20 11:22:36,user_007,Telegram,Did you do the homework?,25,11,Tuesday,FALSE,0.511,0.166,0.0792,0.0004,0.0942
2026-01-20 13:03:09,user_011,Telegram,Everything feels overwhelming,15,13,Tuesday,FALSE,0.0176,0.5382,0.6694,0.0826,0.4702
2026-01-20 17:27:19,user_018,Snapchat,Wish I had someone to talk to,7,17,Tuesday,FALSE,0.1797,0.5395,0.4957,0.1162,0.4184
2026-01-20 18:05:01,user_018,Messenger,So much homework,15,18,Tuesday,FALSE,0.0647,0.4378,0.4711,0.1167,0.3692
2026-01-20 18:51:47,user_064,Telegram,I can't stop thinking about it,7,18,Tuesday,FALSE,0.0113,0.579,0.8102,0.1127,0.5433
2026-01-20 20:23:14,user_046,Telegram,I'm so far behind,3,20,Tuesday,FALSE,0.389,0.5079,0.4335,0.1915,0.4028
2026-01-20 21:27:05,user_071,Messenger,I don't know what to do,16,21,Tuesday,FALSE,0.2739,0.3497,0.8537,0.0955,0.4625
2026-01-21 01:36:25,user_073,Telegram,Feeling left out,3,1,Wednesday,TRUE,0.0972,0.6276,0.5533,0.0189,0.4494
2026-01-21 04:55:27,user_046,Discord,Feeling great today,18,4,Wednesday,TRUE,0.491,0.1631,0.1061,0.0478,0.1143
2026-01-21 05:45:47,user_047,WhatsApp,I just want to stay in bed,14,5,Wednesday,FALSE,0.209,0.7079,0.35,0.0411,0.4159
2026-01-21 10:56:31,user_006,Telegram,My parents are so annoying,14,10,Wednesday,FALSE,0.3925,0.4408,0.5519,0.1829,0.4152
2026-01-21 17:36:03,user_043,Snapchat,I'm so far behind,24,17,Wednesday,FALSE,0.0653,0.3646,0.3763,0.1678,0.3195
2026-01-21 18:05:09,user_024,WhatsApp,You're the best,9,18,Wednesday,FALSE,0.5409,0.1748,0.0903,0.021,0.1067
2026-01-21 18:12:07,user_016,Discord,I need a break,2,18,Wednesday,FALSE,0.0862,0.5474,0.3572,0.0676,0.3609
2026-01-21 18:57:42,user_074,Telegram,That was hilarious,8,18,Wednesday,FALSE,0.9614,0.1267,0.0984,0.0398,0.0951
2026-01-21 19:22:50,user_046,Telegram,Can't wait for the weekend,2,19,Wednesday,FALSE,0.8665,0.1257,0.1543,0.0368,0.1135
2026-01-21 19:27:57,user_020,Messenger,I'm so nervous,4,19,Wednesday,FALSE,0.0877,0.4038,0.8993,0.0182,0.4808
2026-01-21 20:47:13,user_005,Snapchat,Everything feels overwhelming,16,20,Wednesday,FALSE,0.1695,0.4165,0.8101,0.0121,0.4531
2026-01-21 20:53:40,user_041,Telegram,Can you send me the link?,11,20,Wednesday,FALSE,0.7423,0.0478,0.088,0.0357,0.0589
2026-01-21 21:05:04,user_010,Instagram,So much homework,16,21,Wednesday,FALSE,0.3651,0.3624,0.3302,0.1591,0.3003
2026-01-21 21:25:11,user_045,Discord,What if it goes wrong?,4,21,Wednesday,FALSE,0.1321,0.3299,0.8582,0.0975,0.4567
2026-01-21 22:44:47,user_051,Telegram,That was hilarious,25,22,Wednesday,FALSE,0.6985,0.0191,0.1874,0.0237,0.0791
2026-01-21 22:46:40,user_049,Snapchat,I have so much to do,20,22,Wednesday,FALSE,0.0782,0.3321,0.3914,0.1898,0.3173
2026-01-21 23:45:28,user_001,Telegram,See you tomorrow,21,23,Wednesday,FALSE,0.6708,0.092,0.1199,0.0008,0.0789
2026-01-22 01:01:37,user_001,Discord,I can't deal with this right now,17,1,Thursday,TRUE,0,1.0,0.3183,0.8963,0.7355
2026-01-22 01:17:41,user_061,Telegram,Everything feels overwhelming,1,1,Thursday,TRUE,0.1983,0.4097,0.8113,0.0114,0.4507
2026-01-22 02:15:49,user_002,WhatsApp,I feel really alone sometimes,21,2,Thursday,TRUE,0.0284,0.6154,0.3097,0.0537,0.368
2026-01-22 03:07:43,user_036,WhatsApp,I feel really tired today,8,3,Thursday,TRUE,0,0.6356,0.5637,0.1556,0.4904
2026-01-22 04:48:21,user_016,Discord,On my way,18,4,Thursday,TRUE,0.3484,0.2695,0.1207,0.0404,0.1601
2026-01-22 05:20:38,user_013,Instagram,Did you do the homework?,6,5,Thursday,FALSE,0.5293,0.1983,0.1059,0.0383,0.126
2026-01-22 18:48:08,user_021,Telegram,Loved the movie,23,18,Thursday,FALSE,0.513,0.176,0.1127,0.0357,0.1188
2026-01-22 20:51:50,user_063,Telegram,I am happy today,22,20,Thursday,FALSE,0.8998,0.1074,0.0732,0.0099,0.071
2026-01-22 20:54:26,user_063,Instagram,Can you send me the link?,22,20,Thursday,FALSE,0.6336,0.0005,0.1452,0.0419,0.0615
2026-01-23 00:10:56,user_052,WhatsApp,I can't deal with this right now,21,0,Friday,TRUE,0.0749,0.4564,0.3431,0.0853,0.3239
2026-01-23 00:14:34,user_035,Telegram,"Please reply, I'm worrying",4,0,Friday,TRUE,0,0.6064,0.8228,0.1099,0.558
2026-01-23 02:43:47,user_025,Discord,I feel really alone sometimes,6,2,Friday,TRUE,0.0218,0.6535,0.3942,0.0437,0.4103
2026-01-23 04:16:49,user_008,Snapchat,Did you do the homework?,23,4,Friday,TRUE,0.7761,0.2357,0.0118,0.0481,0.1104
2026-01-23 06:03:37,user_008,Telegram,Everything feels overwhelming,6,6,Friday,FALSE,0.2992,0.4337,0.6171,0.1006,0.4146
2026-01-23 06:48:39,user_032,WhatsApp,I have so much to do,21,6,Friday,FALSE,0.3295,0.5943,0.3026,0.1338,0.3771
2026-01-23 07:02:01,user_016,WhatsApp,Everything feels overwhelming,23,7,Friday,FALSE,0.3754,0.5342,0.797,0.1901,0.5401
2026-01-23 07:17:54,user_017,Messenger,I'm so far behind,9,7,Friday,FALSE,0.3261,0.3407,0.525,0.0823,0.3406
2026-01-23 08:00:31,user_010,Discord,I don't know what to do,12,8,Friday,FALSE,0.0517,0.292,0.7598,0.1117,0.4107
2026-01-23 08:03:47,user_027,Instagram,You're the best,1,8,Friday,FALSE,0.5463,0.051,0.048,0.0385,0.0469
2026-01-23 08:18:16,user_060,Telegram,On my way,2,8,Friday,FALSE,0.6087,0.061,0.1866,0.0321,0.0977
2026-01-23 08:20:48,user_074,Telegram,Okay,9,8,Friday,FALSE,0.521,0.189,0.1765,0.0365,0.1465
2026-01-23 14:08:08,user_071,Messenger,I'm so far behind,24,14,Friday,FALSE,0.3546,0.4537,0.5529,0.1096,0.4024
2026-01-23 14:56:19,user_060,Messenger,I feel really alone sometimes,5,14,Friday,FALSE,0.1845,0.669,0.4453,0.0109,0.4262
2026-01-23 15:05:58,user_073,WhatsApp,I feel really alone sometimes,10,15,Friday,FALSE,0.0594,0.5511,0.5612,0.1683,0.4589
2026-01-23 15:56:53,user_052,Snapchat,My chest feels tight,12,15,Friday,FALSE,0.1143,0.243,0.6025,0.0268,0.3148
2026-01-23 17:12:26,user_039,Snapchat,My chest feels tight,1,17,Friday,FALSE,0.2709,0.4462,0.8708,0.0602,0.4983
2026-01-23 19:10:11,user_026,WhatsApp,Okay,6,19,Friday,FALSE,0.599,0.0364,0.1897,0.0225,0.0866
2026-01-23 19:59:57,user_070,WhatsApp,I feel really alone sometimes,16,19,Friday,FALSE,0.3224,0.5311,0.4949,0.1233,0.4165
2026-01-23 20:50:28,user_057,Discord,I'll be there in 5,19,20,Friday,FALSE,0.6547,0.1617,0.0938,0.0418,0.108
2026-01-23 23:00:07,user_072,Messenger,I am happy today,12,23,Friday,FALSE,0.8687,0.0415,0.1231,0.0207,0.0648
2026-01-24 01:40:06,user_061,Instagram,You're the best,4,1,Saturday,TRUE,0.704,0.2185,0.1253,0.0167,0.1354
2026-01-24 05:02:05,user_023,Snapchat,Can't wait for the weekend,11,5,Saturday,FALSE,0.51,0.0956,0.0663,0.0307,0.0691
2026-01-24 07:48:22,user_016,Snapchat,Can you send me the link?,16,7,Saturday,FALSE,0.8873,0.0988,0.0094,0.0149,0.0465
2026-01-24 08:10:46,user_046,Instagram,I'm drowning in work,20,8,Saturday,FALSE,0.3843,0.4948,0.3523,0.1937,0.3696
2026-01-24 08:19:36,user_041,Telegram,I need a break,15,8,Saturday,FALSE,0.2183,0.4128,0.5628,0.0874,0.3839
2026-01-24 08:20:28,user_003,Snapchat,Everything feels overwhelming,25,8,Saturday,FALSE,0.0624,0.4497,0.7755,0.113,0.4795
2026-01-24 10:49:25,user_023,Snapchat,Trying to keep it together,9,10,Saturday,FALSE,0.2164,0.4978,0.3232,0.0305,0.3199
2026-01-24 15:51:51,user_019,Snapchat,I'm so nervous,11,15,Saturday,FALSE,0.1814,0.2632,0.8066,0.0831,0.4084
2026-01-24 15:54:07,user_032,Snapchat,Loved the movie,3,15,Saturday,FALSE,0.9132,0.1394,0.0081,0.0418,0.069
2026-01-24 17:20:53,user_072,Instagram,Okay,21,17,Saturday,FALSE,0.7219,0.0035,0.0018,0.0019,0.0025
2026-01-24 21:13:08,user_049,Messenger,I don't know what to do,9,21,Saturday,FALSE,0.2367,0.4916,0.6832,0.0844,0.4569
2026-01-24 21:27:19,user_011,Instagram,School is stressing me out,22,21,Saturday,FALSE,0.2439,0.522,0.5843,0.0416,0.4237
2026-01-24 21:42:33,user_055,Telegram,Did you do the homework?,22,21,Saturday,FALSE,0.6376,0.1113,0.1183,0.0368,0.0951
2026-01-24 21:53:42,user_043,Messenger,Nobody understands,6,21,Saturday,FALSE,0.1175,0.6412,0.5223,0.145,0.4755
2026-01-24 21:57:26,user_074,Messenger,I have no real friends,4,21,Saturday,FALSE,0.263,0.5271,0.5829,0.1448,0.4511
2026-01-24 23:28:49,user_063,Telegram,Wish I had someone to talk to,14,23,Saturday,FALSE,0.2915,0.6815,0.3268,0.0883,0.4091
2026-01-25 00:03:34,user_064,Instagram,I am happy today,1,0,Sunday,TRUE,0.4411,0.125,0.0877,0.0004,0.0808
2026-01-25 01:58:55,user_063,WhatsApp,Nobody understands,17,1,Sunday,TRUE,0,0.8102,0.4181,0.1635,0.5113
2026-01-25 02:18:10,user_014,Instagram,Did you do the homework?,20,2,Sunday,TRUE,0.5433,0.1447,0.0339,0.047,0.0815
2026-01-25 02:42:06,user_043,Snapchat,I'm worried about exams,9,2,Sunday,TRUE,0,0.6807,0.302,0.0767,0.3972
2026-01-25 05:39:29,user_040,Messenger,Wish I had someone to talk to,13,5,Sunday,FALSE,0.0353,0.7533,0.373,0.1178,0.4613
2026-01-25 08:44:07,user_020,Messenger,Just woke up,11,8,Sunday,FALSE,0.8155,0.0431,0.0583,0.0483,0.0497
2026-01-25 12:53:12,user_047,Snapchat,I'll be there in 5,19,12,Sunday,FALSE,0.5886,0.059,0.1395,0.0132,0.0757
2026-01-25 13:10:20,user_025,Instagram,What's the point,2,13,Sunday,FALSE,0.3055,0.5605,0.5412,0.1315,0.4465
2026-01-25 14:01:48,user_074,WhatsApp,That was hilarious,11,14,Sunday,FALSE,0.8151,0.1582,0.0272,0.02,0.0778
2026-01-25 14:32:46,user_066,Discord,My parents are so annoying,19,14,Sunday,FALSE,0.0388,0.3892,0.4023,0.1128,0.3247
2026-01-25 15:07:59,user_069,Instagram,Did you do the homework?,3,15,Sunday,FALSE,0.6197,0.0482,0.1135,0.0039,0.06
2026-01-25 15:44:08,user_010,Telegram,What time is it?,17,15,Sunday,FALSE,0.6363,0.0839,0.1824,0.0178,0.1019
2026-01-25 18:23:21,user_020,Telegram,I'm drowning in work,10,18,Sunday,FALSE,0.1499,0.5827,0.3882,0.0062,0.3705
2026-01-25 18:37:22,user_064,Messenger,My parents are so annoying,4,18,Sunday,FALSE,0.1615,0.3135,0.5556,0.0318,0.3278
2026-01-25 19:32:06,user_030,Snapchat,You're the best,17,19,Sunday,FALSE,0.8528,0.1244,0.056,0.0102,0.0719
2026-01-25 19:33:44,user_029,Instagram,Just woke up,7,19,Sunday,FALSE,0.7369,0.1162,0.1276,0.0395,0.101
2026-01-25 19:45:21,user_072,Snapchat,See you tomorrow,4,19,Sunday,FALSE,0.9494,0.1123,0.0771,0.0301,0.0794
2026-01-25 21:09:46,user_036,Instagram,Best day ever,21,21,Sunday,FALSE,0.9401,0.0828,0.0823,0.0222,0.0674
2026-01-26 01:50:46,user_020,Messenger,Are we still on for later?,18,1,Monday,TRUE,0.4058,0.2308,0.1046,0.047,0.1407
2026-01-26 06:49:10,user_019,Instagram,I am happy today,21,6,Monday,FALSE,0.7653,0.0388,0.1552,0.0176,0.0742
2026-01-26 10:40:51,user_053,WhatsApp,Can you send me the link?,24,10,Monday,FALSE,0.6869,0.0213,0.1794,0.0246,0.0774
2026-01-26 12:36:57,user_041,Messenger,Everyone is hanging out without me,6,12,Monday,FALSE,0.0573,0.7587,0.3541,0.0162,0.4315
2026-01-26 13:03:32,user_007,Instagram,School is stressing me out,11,13,Monday,FALSE,0.1217,0.3808,0.3842,0.0702,0.3043
2026-01-26 13:50:51,user_035,Discord,So much homework,2,13,Monday,FALSE,0.1855,0.5374,0.3991,0.1687,0.3968
2026-01-26 15:47:10,user_033,Discord,Best day ever,2,15,Monday,FALSE,0.6777,0.0605,0.1992,0.0489,0.1061
2026-01-26 18:18:30,user_044,Messenger,Why am I always alone,15,18,Monday,FALSE,0.3923,0.6721,0.3441,0.113,0.4176
2026-01-26 18:59:28,user_010,Instagram,I feel really alone sometimes,2,18,Monday,FALSE,0.2143,0.7488,0.3155,0.0754,0.4288
2026-01-26 19:11:20,user_029,Messenger,What if it goes wrong?,12,19,Monday,FALSE,0.0034,0.3645,0.6204,0.1051,0.3892
2026-01-26 19:39:27,user_037,Telegram,Why am I always alone,24,19,Monday,FALSE,0.2917,0.7206,0.3171,0.0218,0.4047
2026-01-26 20:11:53,user_005,Snapchat,What's the point,15,20,Monday,FALSE,0.3923,0.6914,0.2729,0.027,0.3788
2026-01-26 20:25:26,user_012,WhatsApp,I'm so nervous,3,20,Monday,FALSE,0.1707,0.3497,0.7995,0.0305,0.4274
2026-01-26 20:43:42,user_042,Snapchat,I am happy today,4,20,Monday,FALSE,0.8985,0.1661,0.0336,0.0084,0.0803
2026-01-26 20:52:21,user_016,WhatsApp,I'm worried about exams,19,20,Monday,FALSE,0.3774,0.5327,0.4859,0.1528,0.4213
2026-01-26 22:45:37,user_063,Discord,Can you send me the link?,4,22,Monday,FALSE,0.9064,0.1455,0.091,0.0024,0.0907
2026-01-26 23:30:39,user_067,Telegram,Everything feels overwhelming,1,23,Monday,FALSE,0.0634,0.5706,0.8225,0.0386,0.5258
2026-01-27 05:12:40,user_043,Telegram,Why am I always alone,23,5,Tuesday,FALSE,0.0274,0.5568,0.4427,0.1384,0.4123
2026-01-27 05:22:38,user_057,WhatsApp,"Please reply, I'm worrying",5,5,Tuesday,FALSE,0.1219,0.4465,0.8963,0.198,0.5418
2026-01-27 06:04:49,user_061,Messenger,Everything feels overwhelming,5,6,Tuesday,FALSE,0.3017,0.5849,0.3598,0.0041,0.3609
2026-01-27 06:47:42,user_068,Instagram,Trying to keep it together,25,6,Tuesday,FALSE,0.2736,0.3127,0.4346,0.0337,0.2856
2026-01-27 09:28:55,user_055,Messenger,I don't know what to do,24,9,Tuesday,FALSE,0.2911,0.597,0.7333,0.1607,0.5356
2026-01-27 12:20:42,user_005,Discord,That was hilarious,18,12,Tuesday,FALSE,0.6649,0.1387,0.0576,0.0473,0.0875
2026-01-27 19:35:34,user_029,WhatsApp,Did you do the homework?,17,19,Tuesday,FALSE,0.9257,0.1424,0.1855,0.0319,0.1298
2026-01-27 19:55:46,user_039,Snapchat,"Please reply, I'm worrying",8,19,Tuesday,FALSE,0.2773,0.2769,0.783,0.0493,0.3971
2026-01-28 01:02:36,user_036,Discord,I'm so nervous,25,1,Wednesday,TRUE,0,0.5762,0.7445,0.0284,0.4981
2026-01-28 01:38:43,user_054,WhatsApp,My chest feels tight,12,1,Wednesday,TRUE,0,0.6277,0.6888,0.1085,0.5193
2026-01-28 01:40:42,user_056,Instagram,I need a break,17,1,Wednesday,TRUE,0,1.0,0.4597,0.7607,0.7511
2026-01-28 04:46:12,user_059,Discord,I feel really alone sometimes,15,4,Wednesday,TRUE,0,0.6509,0.4769,0.0119,0.4302
2026-01-28 07:23:42,user_013,WhatsApp,Nobody understands,3,7,Wednesday,FALSE,0.0207,0.6877,0.5178,0.151,0.4941
2026-01-28 09:08:07,user_065,Instagram,Everyone is hanging out without me,10,9,Wednesday,FALSE,0.3879,0.7308,0.302,0.167,0.4397
2026-01-28 10:32:52,user_012,Snapchat,You're the best,14,10,Wednesday,FALSE,0.9573,0.1291,0.0276,0.0094,0.0637
2026-01-28 10:35:59,user_069,Instagram,I feel really alone sometimes,19,10,Wednesday,FALSE,0.0079,0.5485,0.5469,0.1926,0.459
2026-01-28 13:11:34,user_046,Messenger,I feel really tired today,1,13,Wednesday,FALSE,0.3957,0.7625,0.3757,0.028,0.4435
2026-01-28 15:52:22,user_035,Messenger,See you tomorrow,4,15,Wednesday,FALSE,0.9457,0.1549,0.1714,0.0451,0.1332
2026-01-28 16:10:20,user_027,Instagram,Everyone is hanging out without me,13,16,Wednesday,FALSE,0.1564,0.7969,0.3387,0.0837,0.4582
2026-01-28 16:39:20,user_008,Messenger,On my way,21,16,Wednesday,FALSE,0.753,0.0526,0.1751,0.0341,0.0908
2026-01-28 17:41:52,user_032,WhatsApp,I'm worried about exams,20,17,Wednesday,FALSE,0.1679,0.346,0.5977,0.0867,0.3693
2026-01-28 18:16:11,user_048,Snapchat,I don't know what to do,14,18,Wednesday,FALSE,0.1078,0.3372,0.8876,0.0368,0.4547
2026-01-28 18:31:40,user_004,Messenger,School is stressing me out,4,18,Wednesday,FALSE,0.0814,0.4648,0.5783,0.0876,0.4102
2026-01-28 20:20:27,user_046,Discord,Everything feels overwhelming,11,20,Wednesday,FALSE,0.3405,0.2039,0.8671,0.0277,0.3919
2026-01-28 21:52:04,user_053,Telegram,"Please reply, I'm worrying",17,21,Wednesday,FALSE,0.2202,0.2538,0.6878,0.1389,0.377
2026-01-28 23:10:27,user_069,Discord,I'm drowning in work,22,23,Wednesday,FALSE,0.0,0.3902,0.5839,0.1039,0.3864
2026-01-29 00:24:16,user_020,Instagram,I need a break,16,0,Thursday,TRUE,0,0.609,0.5192,0.1567,0.4645
2026-01-29 02:09:26,user_031,Discord,It's all too much,19,2,Thursday,TRUE,0,0.6483,0.3363,0.0405,0.3872
2026-01-29 04:11:53,user_057,Telegram,I just want to stay in bed,8,4,Thursday,TRUE,0.1236,0.6662,0.3751,0.0822,0.4183
2026-01-29 06:14:04,user_064,WhatsApp,I'm so nervous,20,6,Thursday,FALSE,0.26,0.2269,0.7107,0.0437,0.3504
2026-01-29 07:40:53,user_022,Telegram,See you tomorrow,21,7,Thursday,FALSE,0.6776,0.134,0.1404,0.0342,0.1113
2026-01-29 08:06:05,user_072,Telegram,Loved the movie,18,8,Thursday,FALSE,0.7224,0.1523,0.0204,0.0044,0.0692
2026-01-29 08:29:20,user_070,WhatsApp,On my way,24,8,Thursday,FALSE,0.6391,0.1902,0.0843,0.0417,0.116
2026-01-29 12:21:43,user_020,Snapchat,"Please reply, I'm worrying",9,12,Thursday,FALSE,0.2524,0.3319,0.7004,0.1116,0.4058
2026-01-29 13:36:22,user_068,Snapchat,Are we still on for later?,20,13,Thursday,FALSE,0.7247,0.1779,0.1916,0.0127,0.1414
2026-01-29 15:27:56,user_014,WhatsApp,Everything feels overwhelming,7,15,Thursday,FALSE,0.1358,0.5132,0.8813,0.0908,0.5364
2026-01-29 18:27:09,user_067,WhatsApp,On my way,13,18,Thursday,FALSE,0.8376,0.0961,0.0522,0.0478,0.0687
2026-01-29 18:36:38,user_031,WhatsApp,I'm worried about exams,11,18,Thursday,FALSE,0.1102,0.3432,0.4826,0.1387,0.3409
2026-01-29 19:37:45,user_046,Telegram,I can't sleep again tonight,22,19,Thursday,FALSE,0.1373,0.514,0.5059,0.1277,0.4146
2026-01-29 20:08:50,user_044,Telegram,I'm drowning in work,3,20,Thursday,FALSE,0.0314,0.5236,0.4038,0.0195,0.3557
2026-01-29 20:18:41,user_017,Snapchat,What if it goes wrong?,22,20,Thursday,FALSE,0.0617,0.5204,0.6896,0.1472,0.4863
2026-01-29 21:11:44,user_038,Messenger,My chest feels tight,18,21,Thursday,FALSE,0.2795,0.5542,0.6131,0.0316,0.4442
2026-01-29 23:14:33,user_057,Instagram,My parents are so annoying,5,23,Thursday,FALSE,0.3471,0.4461,0.4446,0.1208,0.3643
2026-01-30 00:11:51,user_016,WhatsApp,"Please reply, I'm worrying",11,0,Friday,TRUE,0,0.3861,0.6736,0.0743,0.4088
2026-01-30 00:47:16,user_039,Telegram,I feel empty,9,0,Friday,TRUE,0.1532,0.9347,0.3734,0.0233,0.5104
2026-01-30 00:54:29,user_005,Telegram,"Please reply, I'm worrying",5,0,Friday,TRUE,0.1772,0.4999,0.8512,0.0912,0.5207
2026-01-30 05:38:57,user_069,WhatsApp,"Please reply, I'm worrying",25,5,Friday,FALSE,0.276,0.3422,0.7338,0.0665,0.4103
2026-01-30 05:55:23,user_038,Discord,What if it goes wrong?,2,5,Friday,FALSE,0.2534,0.2283,0.8581,0.1787,0.4363
2026-01-30 10:42:38,user_018,WhatsApp,I need a break,8,10,Friday,FALSE,0.2046,0.3442,0.4364,0.0244,0.2965
2026-01-30 12:12:33,user_036,Instagram,I am happy today,12,12,Friday,FALSE,0.9596,0.1099,0.1452,0.028,0.1018
2026-01-30 16:43:19,user_014,Instagram,Okay,15,16,Friday,FALSE,0.5155,0.0809,0.0904,0.0374,0.0734
2026-01-30 17:13:46,user_039,WhatsApp,Best day ever,4,17,Friday,FALSE,0.8965,0.0346,0.1651,0.0345,0.0803
2026-01-30 18:48:53,user_056,WhatsApp,What if it goes wrong?,3,18,Friday,FALSE,0.0264,0.492,0.8096,0.1693,0.5225
2026-01-30 19:49:56,user_053,WhatsApp,My parents are so annoying,7,19,Friday,FALSE,0.3456,0.4803,0.5062,0.0058,0.3707
2026-01-30 19:58:30,user_052,Snapchat,"Please reply, I'm worrying",5,19,Friday,FALSE,0.1854,0.5668,0.6728,0.0775,0.4816
2026-01-30 20:38:47,user_005,Telegram,I feel empty,23,20,Friday,FALSE,0.1252,0.7446,0.497,0.1188,0.5015
2026-01-30 21:44:35,user_052,Discord,I have no real friends,5,21,Friday,FALSE,0.2971,0.7728,0.3024,0.056,0.4289
2026-01-30 21:49:11,user_013,Snapchat,School is stressing me out,19,21,Friday,FALSE,0.2793,0.438,0.5068,0.0024,0.3532
2026-01-30 21:49:51,user_046,Snapchat,I just want to stay in bed,18,21,Friday,FALSE,0.0903,0.6538,0.4757,0.156,0.467
2026-01-30 23:46:30,user_067,Snapchat,My parents are so annoying,15,23,Friday,FALSE,0.1638,0.4725,0.3376,0.0634,0.323
2026-01-31 01:05:17,user_017,Instagram,Trying to keep it together,16,1,Saturday,TRUE,0,0.4192,0.3539,0.1532,0.3299
2026-01-31 03:05:22,user_072,Instagram,I just want to stay in bed,3,3,Saturday,TRUE,0.0392,0.7298,0.3541,0.0584,0.4304
2026-01-31 05:08:49,user_049,WhatsApp,What if it goes wrong?,13,5,Saturday,FALSE,0.2584,0.5971,0.7261,0.0765,0.5121
2026-01-31 06:42:12,user_032,Discord,I feel really tired today,15,6,Saturday,FALSE,0.0708,0.8819,0.3757,0.1234,0.5151
2026-01-31 07:21:56,user_031,Discord,I don't feel like talking to anyone,2,7,Saturday,FALSE,0.0817,0.8267,0.3318,0.1515,0.4847
2026-01-31 08:21:53,user_063,Telegram,Best day ever,18,8,Saturday,FALSE,0.8445,0.1197,0.1743,0.0134,0.1123
2026-01-31 08:53:58,user_052,Instagram,Can't wait for the weekend,8,8,Saturday,FALSE,0.923,0.0534,0.0574,0.008,0.0435
2026-01-31 15:31:51,user_017,WhatsApp,I don't know what to do,13,15,Saturday,FALSE,0.13,0.5527,0.8293,0.1004,0.5364
2026-01-31 17:16:57,user_056,WhatsApp,Why am I always alone,4,17,Saturday,FALSE,0.3384,0.6681,0.4042,0.0732,0.427
2026-01-31 20:09:01,user_057,WhatsApp,Are we still on for later?,20,20,Saturday,FALSE,0.7821,0.0022,0.0606,0.0323,0.0301
2026-02-01 01:48:02,user_038,Discord,I feel empty,17,1,Sunday,TRUE,0,0.8298,0.5911,0.196,0.5878
2026-02-01 02:42:58,user_052,Messenger,I'm so nervous,11,2,Sunday,TRUE,0.0654,0.66,0.6374,0.1014,0.5124
2026-02-01 02:43:27,user_012,Discord,My parents are so annoying,3,2,Sunday,TRUE,0.0509,0.6502,0.3774,0.1822,0.4377
2026-02-01 04:45:24,user_021,Telegram,I feel really tired today,18,4,Sunday,TRUE,0.0275,0.7962,0.4215,0.1079,0.493
2026-02-01 05:06:06,user_040,Instagram,Best day ever,25,5,Sunday,FALSE,0.514,0.0564,0.1083,0.0033,0.0613
2026-02-01 06:25:32,user_025,Snapchat,See you tomorrow,14,6,Sunday,FALSE,0.5266,0.0545,0.0196,0.0324,0.0368
2026-02-01 08:10:50,user_020,Snapchat,Are we still on for later?,23,8,Sunday,FALSE,0.6979,0.0486,0.1938,0.0291,0.0945
2026-02-01 11:10:45,user_035,Snapchat,What's the point,20,11,Sunday,FALSE,0.3314,0.5882,0.2317,0.1251,0.3477
2026-02-01 16:42:19,user_028,WhatsApp,Best day ever,9,16,Sunday,FALSE,0.9686,0.182,0.1509,0.0168,0.1298
2026-02-01 16:47:27,user_069,Instagram,Nothing matters,10,16,Sunday,FALSE,0.3815,0.6928,0.5048,0.0855,0.4752
2026-02-01 18:20:19,user_041,Telegram,School is stressing me out,17,18,Sunday,FALSE,0.0963,0.418,0.5322,0.1412,0.3888
2026-02-01 19:05:40,user_069,Snapchat,I have so much to do,5,19,Sunday,FALSE,0.0611,0.3251,0.3237,0.1842,0.2894
2026-02-01 21:07:24,user_022,Discord,On my way,23,21,Sunday,FALSE,0.7213,0.0072,0.0354,0.033,0.0235
2026-02-01 21:26:17,user_054,Telegram,Having the best time,9,21,Sunday,FALSE,0.7333,0.0723,0.1518,0.0442,0.0931
2026-02-01 23:08:05,user_066,Discord,You're the best,15,23,Sunday,FALSE,0.9301,0.1787,0.1391,0.0465,0.1318
2026-02-01 23:24:00,user_001,Messenger,Can't wait for the weekend,1,23,Sunday,FALSE,0.8653,0.19,0.1784,0.0378,0.1479
2026-02-01 23:35:21,user_024,Instagram,Just woke up,18,23,Sunday,FALSE,0.6355,0.0503,0.0241,0.0096,0.031
2026-02-02 02:12:06,user_057,Messenger,I don't feel like talking to anyone,24,2,Monday,TRUE,0.0393,0.72,0.2038,0.086,0.3808
2026-02-02 02:32:07,user_059,Telegram,I have so much to do,6,2,Monday,TRUE,0.1751,0.6088,0.3406,0.0827,0.3834
2026-02-02 04:13:32,user_051,WhatsApp,What time is it?,7,4,Monday,TRUE,0.3366,0.2389,0.1499,0.0191,0.1528
2026-02-02 06:41:04,user_013,WhatsApp,Are we still on for later?,8,6,Monday,FALSE,0.6473,0.1004,0.1093,0.0039,0.0794
2026-02-02 06:46:27,user_024,Messenger,Just woke up,16,6,Monday,FALSE,0.5468,0.0363,0.037,0.0431,0.0383
2026-02-02 07:04:12,user_027,Discord,I am happy today,25,7,Monday,FALSE,0.5777,0.0329,0.0932,0.0203,0.0509
2026-02-02 08:25:12,user_022,Snapchat,What time is it?,7,8,Monday,FALSE,0.9951,0.0451,0.1379,0.0479,0.0783
2026-02-02 08:40:02,user_019,Messenger,I'm so nervous,5,8,Monday,FALSE,0.2928,0.3585,0.7594,0.035,0.4179
2026-02-02 09:52:52,user_041,Snapchat,Feeling left out,13,9,Monday,FALSE,0.0544,0.5962,0.5842,0.0402,0.453
2026-02-02 10:13:45,user_014,Discord,Having the best time,23,10,Monday,FALSE,0.6081,0.1393,0.1673,0.0406,0.1244
2026-02-02 10:29:49,user_015,Messenger,What if it goes wrong?,3,10,Monday,FALSE,0.2002,0.2098,0.7035,0.0209,0.3354
2026-02-02 13:24:55,user_043,WhatsApp,I am happy today,18,13,Monday,FALSE,0.5636,0.1034,0.0202,0.0249,0.0547
2026-02-02 15:18:57,user_009,Instagram,I'm so nervous,1,15,Monday,FALSE,0.2056,0.267,0.8845,0.1913,0.4642
2026-02-02 16:22:21,user_030,Discord,I can't stop thinking about it,13,16,Monday,FALSE,0.1509,0.5478,0.8799,0.1962,0.5761
2026-02-02 18:05:33,user_022,Snapchat,What if it goes wrong?,25,18,Monday,FALSE,0.3164,0.5799,0.7535,0.0757,0.5146
2026-02-02 18:16:21,user_069,WhatsApp,I can't sleep again tonight,14,18,Monday,FALSE,0.0844,0.3235,0.5947,0.0519,0.3505
2026-02-02 18:27:20,user_010,Snapchat,I am happy today,23,18,Monday,FALSE,0.7674,0.1283,0.1237,0.0378,0.104
2026-02-02 18:30:55,user_066,Snapchat,I'm worried about exams,22,18,Monday,FALSE,0.3321,0.4803,0.5384,0.1641,0.4216
2026-02-02 21:25:13,user_038,Discord,On my way,3,21,Monday,FALSE,0.7857,0.1871,0.0748,0.0275,0.1079
2026-02-03 02:40:05,user_067,Messenger,I can't sleep again tonight,17,2,Tuesday,TRUE,0.1538,0.6422,0.4963,0.1538,0.469
2026-02-03 07:29:19,user_072,Messenger,"Please reply, I'm worrying",12,7,Tuesday,FALSE,0.2494,0.2029,0.7753,0.1999,0.4025
2026-02-03 08:03:39,user_075,Messenger,I'm worried about exams,14,8,Tuesday,FALSE,0.0912,0.8385,0.565,0.6853,0.7045
2026-02-03 10:12:28,user_039,Messenger,I had fun with my friends,21,10,Tuesday,FALSE,0.8792,0.1361,0.1418,0.0096,0.1065
2026-02-03 12:26:15,user_056,Telegram,I can't stop thinking about it,14,12,Tuesday,FALSE,0.0636,0.2264,0.7447,0.0416,0.3616
2026-02-03 13:46:36,user_036,Messenger,I'm so nervous,1,13,Tuesday,FALSE,0.065,0.4983,0.7144,0.1849,0.4956
2026-02-03 15:34:57,user_052,Snapchat,I feel really tired today,7,15,Tuesday,FALSE,0.0343,0.7927,0.567,0.1845,0.5617
2026-02-03 15:54:46,user_073,Messenger,I feel really alone sometimes,9,15,Tuesday,FALSE,0.1398,0.5611,0.3852,0.167,0.401
2026-02-03 16:27:06,user_030,Discord,I feel really tired today,15,16,Tuesday,FALSE,0.3411,0.7604,0.5076,0.1442,0.5178
2026-02-03 17:50:47,user_058,WhatsApp,Everyone is hanging out without me,2,17,Tuesday,FALSE,0.3636,0.6715,0.3565,0.121,0.4236
2026-02-03 18:03:19,user_067,Telegram,What if it goes wrong?,12,18,Tuesday,FALSE,0.2963,0.4832,0.6358,0.1403,0.4509
2026-02-03 18:32:08,user_023,Messenger,Everything feels overwhelming,17,18,Tuesday,FALSE,0.2121,0.3146,0.5806,0.1678,0.371
2026-02-03 18:36:06,user_021,Discord,Can't wait for the weekend,10,18,Tuesday,FALSE,0.7529,0.0265,0.0698,0.0034,0.0359
2026-02-03 19:34:27,user_015,WhatsApp,My parents are so annoying,25,19,Tuesday,FALSE,0.0919,0.4382,0.3465,0.0377,0.306
2026-02-03 20:22:43,user_059,WhatsApp,What if it goes wrong?,13,20,Tuesday,FALSE,0.345,0.2049,0.8411,0.0638,0.3923
2026-02-03 20:42:13,user_006,WhatsApp,I'll be there in 5,6,20,Tuesday,FALSE,0.5563,0.0298,0.1688,0.0456,0.0824
2026-02-03 21:18:49,user_039,Telegram,Okay,3,21,Tuesday,FALSE,0.754,0.0811,0.1429,0.0053,0.0838
2026-02-03 21:47:07,user_011,Snapchat,Just woke up,18,21,Tuesday,FALSE,0.5935,0.0057,0.1324,0.0226,0.0543
2026-02-03 22:17:49,user_050,Snapchat,I'm so far behind,13,22,Tuesday,FALSE,0.308,0.397,0.3486,0.0148,0.2845
2026-02-03 23:09:48,user_002,Snapchat,I'm drowning in work,13,23,Tuesday,FALSE,0.2897,0.594,0.5902,0.1609,0.4844
2026-02-04 00:00:43,user_010,Telegram,I have so much to do,21,0,Wednesday,TRUE,0.1581,0.611,0.5287,0.1076,0.4564
2026-02-04 04:52:11,user_001,Discord,I feel really alone sometimes,7,4,Wednesday,TRUE,0,0.8539,0.2355,0.1033,0.4498
2026-02-04 05:35:35,user_030,Discord,So much homework,4,5,Wednesday,FALSE,0.2311,0.5323,0.4194,0.0276,0.3666
2026-02-04 07:31:05,user_032,Messenger,I don't know what to do,9,7,Wednesday,FALSE,0.247,0.2747,0.8188,0.0562,0.4105
2026-02-04 07:41:50,user_049,Instagram,Trying to keep it together,20,7,Wednesday,FALSE,0.2311,0.5164,0.4751,0.0341,0.3814
2026-02-04 07:44:34,user_058,Instagram,I can't deal with this right now,4,7,Wednesday,FALSE,0.0069,0.4491,0.4181,0.0745,0.3446
2026-02-04 08:14:49,user_009,WhatsApp,I feel empty,14,8,Wednesday,FALSE,0.3182,0.5422,0.5523,0.1456,0.4466
2026-02-04 08:21:18,user_007,Discord,What time is it?,18,8,Wednesday,FALSE,0.7588,0.1315,0.0289,0.0119,0.0657
2026-02-04 13:22:50,user_066,Discord,Loved the movie,9,13,Wednesday,FALSE,0.7523,0.06,0.1327,0.0157,0.0744
2026-02-04 13:59:32,user_025,Messenger,I don't feel like talking to anyone,23,13,Wednesday,FALSE,0.2397,0.7787,0.2516,0.0091,0.4018
2026-02-04 15:21:11,user_007,Instagram,It's all too much,21,15,Wednesday,FALSE,0.3764,0.4433,0.5466,0.0801,0.3887
2026-02-04 15:42:16,user_060,Snapchat,Having the best time,15,15,Wednesday,FALSE,0.6938,0.0742,0.0763,0.0093,0.0587
2026-02-04 18:31:28,user_068,Snapchat,I feel really tired today,18,18,Wednesday,FALSE,0.1177,0.6618,0.2973,0.1328,0.402
2026-02-04 18:49:04,user_001,WhatsApp,I'm so far behind,23,18,Wednesday,FALSE,0.2303,0.5155,0.4152,0.0799,0.3715
2026-02-04 20:44:52,user_046,Snapchat,Feeling great today,5,20,Wednesday,FALSE,0.6203,0.1117,0.0025,0.0366,0.0547
2026-02-04 21:38:42,user_048,Instagram,Trying to keep it together,13,21,Wednesday,FALSE,0.2838,0.543,0.3016,0.1009,0.348
2026-02-04 21:55:10,user_024,Discord,Best day ever,25,21,Wednesday,FALSE,0.5706,0.049,0.0025,0.0416,0.0309
2026-02-04 22:17:46,user_003,WhatsApp,I had fun with my friends,8,22,Wednesday,FALSE,0.7483,0.045,0.0701,0.0239,0.0485
2026-02-05 00:09:09,user_001,WhatsApp,Everyone is hanging out without me,16,0,Thursday,TRUE,0,0.8683,0.5667,0.0431,0.5564
2026-02-05 01:22:41,user_061,Instagram,Nothing matters,18,1,Thursday,TRUE,0.0098,0.8785,0.3633,0.06,0.4936
2026-02-05 02:32:04,user_023,Telegram,Wish I had someone to talk to,20,2,Thursday,TRUE,0,0.7847,0.3826,0.0514,0.4606
2026-02-05 03:13:52,user_014,Instagram,I just want to stay in bed,17,3,Thursday,TRUE,0.0056,0.7253,0.5778,0.1417,0.5278
2026-02-05 05:33:32,user_048,Snapchat,Everyone is hanging out without me,13,5,Thursday,FALSE,0.0495,0.6462,0.3467,0.1313,0.4127
2026-02-05 08:41:15,user_010,Discord,Just woke up,23,8,Thursday,FALSE,0.7572,0.1717,0.1986,0.0041,0.1392
2026-02-05 13:17:22,user_059,WhatsApp,I'm drowning in work,19,13,Thursday,FALSE,0.2469,0.5756,0.5711,0.1865,0.4767
2026-02-05 14:38:02,user_003,Messenger,I have no real friends,19,14,Thursday,FALSE,0.1289,0.5751,0.3274,0.1924,0.3927
2026-02-05 16:44:37,user_060,Messenger,See you tomorrow,3,16,Thursday,FALSE,0.6104,0.1436,0.0026,0.0461,0.0699
2026-02-05 16:48:42,user_028,Snapchat,Did you do the homework?,18,16,Thursday,FALSE,0.6817,0.0872,0.0994,0.0424,0.0803
2026-02-05 18:23:44,user_004,Messenger,You're the best,21,18,Thursday,FALSE,0.9633,0.1471,0.0485,0.0017,0.0762
2026-02-05 18:42:25,user_065,Snapchat,School is stressing me out,15,18,Thursday,FALSE,0.1212,0.3776,0.4902,0.1207,0.3528
2026-02-05 19:25:28,user_009,Snapchat,I'm so far behind,6,19,Thursday,FALSE,0.034,0.343,0.4202,0.1181,0.3138
2026-02-05 23:29:31,user_007,WhatsApp,Everyone is hanging out without me,12,23,Thursday,FALSE,0.0093,0.7836,0.4516,0.1933,0.5198
2026-02-06 01:41:09,user_039,Discord,What if it goes wrong?,22,1,Friday,TRUE,0.0253,0.6435,0.7378,0.028,0.5226
2026-02-06 02:23:41,user_032,Discord,I don't know what to do,18,2,Friday,TRUE,0,0.5277,0.7257,0.1654,0.5064
2026-02-06 03:40:07,user_020,Messenger,Wish I had someone to talk to,4,3,Friday,TRUE,0,0.6876,0.4325,0.1012,0.4517
2026-02-06 14:32:04,user_019,WhatsApp,See you tomorrow,10,14,Friday,FALSE,0.7852,0.1658,0.1362,0.0036,0.1149
2026-02-06 16:14:39,user_046,Messenger,What time is it?,13,16,Friday,FALSE,0.6799,0.131,0.1951,0.0043,0.1218
2026-02-06 16:50:15,user_024,Snapchat,Everything feels overwhelming,25,16,Friday,FALSE,0.1497,0.5043,0.7419,0.0874,0.4832
2026-02-06 18:39:59,user_009,Snapchat,"Please reply, I'm worrying",18,18,Friday,FALSE,0.3471,0.2243,0.6696,0.0038,0.325
2026-02-06 18:48:28,user_051,Snapchat,I don't know what to do,8,18,Friday,FALSE,0.3465,0.5199,0.6976,0.1329,0.4853
2026-02-06 18:51:38,user_050,WhatsApp,Nothing matters,16,18,Friday,FALSE,0.0867,0.8065,0.3849,0.8031,0.6581
2026-02-06 19:34:12,user_014,Discord,So much homework,13,19,Friday,FALSE,0.1158,0.33,0.4766,0.0735,0.3172
2026-02-06 19:38:25,user_035,Discord,I have no real friends,9,19,Friday,FALSE,0.114,0.5015,0.3621,0.1564,0.3665
2026-02-06 19:43:56,user_069,Messenger,School is stressing me out,23,19,Friday,FALSE,0.1622,0.4849,0.5733,0.1492,0.4319
2026-02-06 20:24:07,user_035,Telegram,See you tomorrow,1,20,Friday,FALSE,0.7324,0.0814,0.0968,0.0204,0.0716
2026-02-06 21:30:45,user_002,Snapchat,I don't know what to do,25,21,Friday,FALSE,0.3409,0.255,0.7474,0.0387,0.3733
2026-02-06 22:33:42,user_043,Telegram,Nothing matters,11,22,Friday,FALSE,0.3726,0.6007,0.5538,0.0476,0.446
2026-02-07 02:46:14,user_054,Messenger,I don't feel like talking to anyone,18,2,Saturday,TRUE,0,0.8628,0.428,0.1895,0.5423
2026-02-07 02:56:39,user_040,Telegram,Just woke up,19,2,Saturday,TRUE,0.6153,0.2327,0.1337,0.0342,0.1485
2026-02-07 06:30:42,user_046,Telegram,Did you do the homework?,3,6,Saturday,FALSE,0.661,0.1462,0.0452,0.0132,0.0776
2026-02-07 09:37:02,user_004,Instagram,See you tomorrow,13,9,Saturday,FALSE,0.7131,0.0935,0.0818,0.0402,0.0761
2026-02-07 14:38:57,user_044,Telegram,So much homework,19,14,Saturday,FALSE,0.3725,0.3956,0.4179,0.1233,0.3353
2026-02-07 16:48:09,user_063,Snapchat,I feel really tired today,9,16,Saturday,FALSE,0.1218,0.7945,0.381,0.147,0.4879
2026-02-07 17:39:41,user_012,WhatsApp,Best day ever,7,17,Saturday,FALSE,0.8612,0.1256,0.0303,0.0206,0.066
2026-02-07 18:21:27,user_003,Instagram,Nobody understands,13,18,Saturday,FALSE,0.1371,0.7704,0.4078,0.0377,0.4603
2026-02-07 19:01:09,user_047,Instagram,I can't sleep again tonight,14,19,Saturday,FALSE,0.2637,0.3425,0.4493,0.0489,0.3065
2026-02-07 19:30:00,user_013,Telegram,Okay,23,19,Saturday,FALSE,0.5752,0.0134,0.1954,0.0156,0.0777
2026-02-07 20:47:19,user_057,Messenger,Loved the movie,25,20,Saturday,FALSE,0.8194,0.042,0.0401,0.0143,0.0344
2026-02-07 21:01:02,user_057,Instagram,"Please reply, I'm worrying",18,21,Saturday,FALSE,0.3661,0.3869,0.8593,0.1742,0.499
2026-02-07 21:34:45,user_024,WhatsApp,I have no real friends,20,21,Saturday,FALSE,0.0496,0.7259,0.5897,0.1795,0.5416
2026-02-08 00:36:43,user_069,Instagram,"Please reply, I'm worrying",21,0,Sunday,TRUE,0,0.4122,0.8909,0.0062,0.4782
2026-02-08 01:42:56,user_040,Telegram,I feel really alone sometimes,23,1,Sunday,TRUE,0.0584,0.9464,0.4829,0.1144,0.5762
2026-02-08 02:41:10,user_006,WhatsApp,I just want to stay in bed,19,2,Sunday,TRUE,0,0.8635,0.4883,0.121,0.5465
2026-02-08 03:23:43,user_072,Snapchat,Wish I had someone to talk to,1,3,Sunday,TRUE,0.0338,0.8467,0.5821,0.0217,0.5478
2026-02-08 03:41:22,user_038,Snapchat,I feel really alone sometimes,20,3,Sunday,TRUE,0,0.9786,0.5536,0.0528,0.5984
2026-02-08 09:46:46,user_021,WhatsApp,I don't feel like talking to anyone,11,9,Sunday,FALSE,0.2082,0.7163,0.2855,0.1023,0.412
2026-02-08 10:07:20,user_048,Snapchat,I can't deal with this right now,23,10,Sunday,FALSE,0.2731,0.589,0.5638,0.1874,0.4798
2026-02-08 17:52:09,user_020,Telegram,Having the best time,7,17,Sunday,FALSE,0.6407,0.1558,0.0824,0.046,0.1027
2026-02-08 19:41:59,user_002,Discord,Trying to keep it together,12,19,Sunday,FALSE,0.0667,0.3867,0.3561,0.1684,0.3214
2026-02-08 20:54:49,user_039,Discord,Trying to keep it together,24,20,Sunday,FALSE,0.2906,0.318,0.3602,0.0925,0.2764
2026-02-08 21:34:55,user_032,Instagram,I had fun with my friends,21,21,Sunday,FALSE,0.7233,0.1046,0.0489,0.0399,0.0689
2026-02-08 23:34:19,user_070,Telegram,I had fun with my friends,1,23,Sunday,FALSE,0.7023,0.0999,0.0291,0.0229,0.0559
2026-02-09 00:05:50,user_047,WhatsApp,I just want to stay in bed,11,0,Monday,TRUE,0.055,0.956,0.4249,0.1309,0.5639
2026-02-09 02:02:32,user_011,Telegram,On my way,19,2,Monday,TRUE,0.5065,0.1929,0.1441,0.0406,0.1378
2026-02-09 05:59:02,user_012,Snapchat,Are we still on for later?,11,5,Monday,FALSE,0.9883,0.113,0.1127,0.0395,0.0945
2026-02-09 09:55:02,user_017,Instagram,I have so much to do,20,9,Monday,FALSE,0.1239,0.4357,0.4013,0.0755,0.3336
2026-02-09 11:27:43,user_071,Discord,So much homework,7,11,Monday,FALSE,0.3031,0.4173,0.4584,0.0566,0.3415
2026-02-09 11:59:23,user_063,Messenger,I don't feel like talking to anyone,5,11,Monday,FALSE,0.1154,0.8491,0.2502,0.0023,0.4278
2026-02-09 12:20:54,user_054,Instagram,Just woke up,4,12,Monday,FALSE,0.9586,0.0025,0.1401,0.0294,0.0574
2026-02-09 14:20:07,user_065,Snapchat,Can't wait for the weekend,4,14,Monday,FALSE,0.8263,0.0176,0.0514,0.0377,0.0344
2026-02-09 18:39:13,user_041,WhatsApp,I need a break,13,18,Monday,FALSE,0.3756,0.3362,0.3641,0.0713,0.2798
2026-02-09 18:47:33,user_055,Snapchat,Are we still on for later?,14,18,Monday,FALSE,0.6331,0.086,0.1369,0.0288,0.0895
2026-02-09 19:15:24,user_074,Snapchat,Nobody understands,4,19,Monday,FALSE,0.1514,0.7846,0.337,0.0791,0.4516
2026-02-09 19:16:24,user_020,Instagram,I can't deal with this right now,7,19,Monday,FALSE,0.1133,0.4686,0.4443,0.0666,0.3596
2026-02-09 20:16:43,user_044,Messenger,On my way,8,20,Monday,FALSE,0.9045,0.085,0.0521,0.0027,0.0529
2026-02-09 20:24:22,user_070,Telegram,On my way,14,20,Monday,FALSE,0.8023,0.1156,0.1694,0.0118,0.1085
2026-02-09 21:09:07,user_028,Discord,You're the best,12,21,Monday,FALSE,0.7686,0.1894,0.0609,0.0374,0.1064
2026-02-09 22:38:33,user_009,WhatsApp,My parents are so annoying,15,22,Monday,FALSE,0.1152,0.3903,0.3143,0.084,0.2871
2026-02-10 03:51:33,user_061,Instagram,Nothing matters,24,3,Tuesday,TRUE,0,0.8303,0.5414,0.121,0.5518
2026-02-10 06:27:54,user_035,WhatsApp,"Please reply, I'm worrying",23,6,Tuesday,FALSE,0.3274,0.4571,0.7841,0.0053,0.4586
2026-02-10 07:04:34,user_035,Discord,Can't wait for the weekend,23,7,Tuesday,FALSE,0.9413,0.1399,0.0809,0.0196,0.0892
2026-02-10 13:16:40,user_008,Instagram,What if it goes wrong?,19,13,Tuesday,FALSE,0.3273,0.4932,0.712,0.0035,0.4473
2026-02-10 15:21:55,user_018,Instagram,Having the best time,16,15,Tuesday,FALSE,0.8697,0.0106,0.041,0.0072,0.0204
2026-02-10 16:10:35,user_067,Messenger,Okay,8,16,Tuesday,FALSE,0.5327,0.0256,0.013,0.013,0.0181
2026-02-10 16:43:24,user_010,Snapchat,Did you do the homework?,16,16,Tuesday,FALSE,0.6506,0.0986,0.0127,0.0217,0.0493
2026-02-10 18:11:38,user_048,Discord,Loved the movie,8,18,Tuesday,FALSE,0.8526,0.0629,0.0063,0.0207,0.0325
2026-02-10 18:59:21,user_043,Instagram,Can you send me the link?,4,18,Tuesday,FALSE,0.7622,0.1779,0.0268,0.0252,0.0868
2026-02-10 20:51:47,user_015,WhatsApp,Are we still on for later?,5,20,Tuesday,FALSE,0.6176,0.0006,0.1988,0.0009,0.07
2026-02-10 21:19:47,user_039,Snapchat,Best day ever,18,21,Tuesday,FALSE,0.6699,0.0838,0.1372,0.0202,0.0866
2026-02-10 21:35:17,user_071,Telegram,Everything feels overwhelming,18,21,Tuesday,FALSE,0.0683,0.3558,0.884,0.069,0.469
2026-02-10 21:55:09,user_037,Messenger,Okay,15,21,Tuesday,FALSE,0.5894,0.1424,0.0839,0.0155,0.0902
2026-02-10 22:09:06,user_012,Telegram,Best day ever,10,22,Tuesday,FALSE,0.5781,0.053,0.1779,0.0125,0.0866
2026-02-10 23:25:49,user_013,Telegram,See you tomorrow,3,23,Tuesday,FALSE,0.7384,0.0218,0.0621,0.0072,0.0323
2026-02-10 23:39:19,user_029,Messenger,I'm worried about exams,21,23,Tuesday,FALSE,0.0419,0.5628,0.5732,0.0992,0.4505
2026-02-11 00:19:36,user_039,Messenger,What's the point,4,0,Wednesday,TRUE,0,0.886,0.2304,0.1381,0.4696
2026-02-11 00:42:06,user_024,Messenger,My parents are so annoying,11,0,Wednesday,TRUE,0,0.4016,0.5323,0.1137,0.3754
2026-02-11 00:50:02,user_051,Discord,I can't sleep again tonight,19,0,Wednesday,TRUE,0.1909,0.6983,0.4705,0.1598,0.4839
2026-02-11 01:32:04,user_065,Discord,My chest feels tight,3,1,Wednesday,TRUE,0,0.4148,0.7106,0.1289,0.4469
2026-02-11 01:55:59,user_070,Instagram,You're the best,4,1,Wednesday,TRUE,0.3903,0.1048,0.1056,0.0191,0.0837
2026-02-11 05:34:18,user_063,Instagram,I feel really alone sometimes,19,5,Wednesday,FALSE,0.0989,0.7518,0.312,0.0253,0.4162
2026-02-11 05:43:06,user_016,Discord,See you tomorrow,11,5,Wednesday,FALSE,0.9907,0.0848,0.1029,0.0204,0.075
2026-02-11 05:52:08,user_051,Snapchat,Best day ever,9,5,Wednesday,FALSE,0.7521,0.0769,0.1959,0.0458,0.1108
2026-02-11 06:00:33,user_037,Messenger,I don't know what to do,1,6,Wednesday,FALSE,0.1666,0.5073,0.6231,0.1354,0.4548
2026-02-11 06:04:02,user_002,Instagram,My chest feels tight,5,6,Wednesday,FALSE,0.2615,0.5672,0.7414,0.0092,0.4887
2026-02-11 08:06:55,user_010,Discord,I feel really tired today,5,8,Wednesday,FALSE,0.2104,0.6828,0.489,0.082,0.4647
2026-02-11 17:20:59,user_010,WhatsApp,See you tomorrow,25,17,Wednesday,FALSE,0.6193,0.0792,0.1343,0.015,0.0824
2026-02-11 17:36:30,user_017,WhatsApp,Are we still on for later?,19,17,Wednesday,FALSE,0.8972,0.0362,0.0968,0.0322,0.0564
2026-02-11 17:39:04,user_018,Instagram,I'm worried about exams,5,17,Wednesday,FALSE,0.2002,0.5602,0.4145,0.0597,0.3841
2026-02-11 18:06:46,user_062,Messenger,Best day ever,25,18,Wednesday,FALSE,0.975,0.1821,0.1262,0.037,0.1263
2026-02-11 18:29:26,user_007,Instagram,I have so much to do,7,18,Wednesday,FALSE,0.24,0.3734,0.4642,0.124,0.3428
2026-02-11 19:00:14,user_064,Snapchat,I am happy today,12,19,Wednesday,FALSE,0.6544,0.1476,0.1514,0.031,0.1198
2026-02-11 19:00:16,user_040,Messenger,What if it goes wrong?,23,19,Wednesday,FALSE,0.0945,0.3862,0.8003,0.0319,0.4426
2026-02-11 19:15:48,user_048,Telegram,"Please reply, I'm worrying",5,19,Wednesday,FALSE,0.0502,0.3784,0.7705,0.1693,0.4633
2026-02-11 20:58:48,user_070,Discord,I just want to stay in bed,10,20,Wednesday,FALSE,0.0391,0.5536,0.3909,0.0465,0.3698
2026-02-12 02:30:57,user_070,WhatsApp,I feel really tired today,20,2,Thursday,TRUE,0.1511,0.8126,0.501,0.0186,0.505
2026-02-12 08:24:30,user_027,Telegram,Everything feels overwhelming,16,8,Thursday,FALSE,0.1372,0.3959,0.5468,0.0304,0.3573
2026-02-12 08:48:57,user_061,Discord,My parents are so annoying,24,8,Thursday,FALSE,0.2877,0.4514,0.5492,0.1096,0.4002
2026-02-12 14:22:57,user_073,Telegram,See you tomorrow,8,14,Thursday,FALSE,0.9224,0.0825,0.1266,0.0413,0.0876
2026-02-12 16:48:17,user_031,Snapchat,I need a break,11,16,Thursday,FALSE,0.3028,0.4813,0.401,0.1364,0.367
2026-02-12 18:19:43,user_039,Instagram,I am happy today,21,18,Thursday,FALSE,0.6681,0.0553,0.065,0.0138,0.0483
2026-02-12 18:59:49,user_050,Instagram,Okay,25,18,Thursday,FALSE,0.6695,0.0721,0.1712,0.0215,0.0941
2026-02-12 20:40:20,user_054,Messenger,Can't wait for the weekend,15,20,Thursday,FALSE,0.509,0.0649,0.0127,0.0144,0.034
2026-02-12 20:45:10,user_020,Discord,What time is it?,4,20,Thursday,FALSE,0.7761,0.0186,0.1985,0.0456,0.0883
2026-02-12 20:50:36,user_059,Messenger,I feel really alone sometimes,12,20,Thursday,FALSE,0.0434,0.884,0.2276,0.7471,0.62
2026-02-12 21:33:06,user_062,Instagram,Are we still on for later?,13,21,Thursday,FALSE,0.7369,0.1665,0.0888,0.0028,0.0984
2026-02-12 23:29:59,user_066,Snapchat,School is stressing me out,4,23,Thursday,FALSE,0.1044,0.4221,0.3319,0.0145,0.2887
2026-02-13 01:03:42,user_020,Instagram,What time is it?,23,1,Friday,TRUE,0.3241,0.1232,0.0889,0.0062,0.0819
2026-02-13 02:12:20,user_055,Instagram,I'm so nervous,11,2,Friday,TRUE,0.0465,0.5337,0.6917,0.1131,0.4838
2026-02-13 03:07:50,user_038,Instagram,I'll be there in 5,14,3,Friday,TRUE,0.6045,0.2556,0.1663,0.0487,0.1726
2026-02-13 03:14:03,user_048,Telegram,Nobody understands,7,3,Friday,TRUE,0,0.6969,0.5063,0.0871,0.4777
2026-02-13 07:02:54,user_058,Discord,My chest feels tight,23,7,Friday,FALSE,0.3053,0.5363,0.782,0.1847,0.5344
2026-02-13 07:46:05,user_054,Messenger,See you tomorrow,16,7,Friday,FALSE,0.5914,0.0802,0.1925,0.0136,0.1028
2026-02-13 09:23:59,user_055,Instagram,Everything feels overwhelming,22,9,Friday,FALSE,0.3582,0.4814,0.3534,0.1061,0.3428
2026-02-13 11:10:01,user_061,Messenger,I feel really alone sometimes,14,11,Friday,FALSE,0.0025,0.5538,0.3267,0.1304,0.3685
2026-02-13 11:22:39,user_041,WhatsApp,That was hilarious,21,11,Friday,FALSE,0.7415,0.0976,0.1775,0.022,0.1067
2026-02-13 18:10:39,user_042,Messenger,Can't wait for the weekend,6,18,Friday,FALSE,0.9068,0.1611,0.114,0.0266,0.111
2026-02-13 18:15:41,user_068,Instagram,On my way,21,18,Friday,FALSE,0.9414,0.0958,0.0175,0.0192,0.0493
2026-02-13 21:50:15,user_017,Discord,I'm so nervous,13,21,Friday,FALSE,0.0509,0.4262,0.763,0.0587,0.4522
2026-02-13 22:54:17,user_025,Telegram,Did you do the homework?,8,22,Friday,FALSE,0.9012,0.0511,0.1168,0.0231,0.0671
2026-02-13 23:25:54,user_015,Snapchat,Loved the movie,12,23,Friday,FALSE,0.5312,0.1802,0.1936,0.0,0.1398
2026-02-14 00:02:42,user_062,Discord,I don't know what to do,16,0,Saturday,TRUE,0.08,0.5299,0.8714,0.1031,0.5427
2026-02-14 01:19:52,user_029,WhatsApp,Everyone is hanging out without me,20,1,Saturday,TRUE,0.0445,0.8506,0.3192,0.1635,0.4928
2026-02-14 03:47:17,user_012,Instagram,I'm worried about exams,1,3,Saturday,TRUE,0.0946,0.603,0.5677,0.0174,0.4442
2026-02-14 05:55:39,user_071,Messenger,I don't know what to do,2,5,Saturday,FALSE,0.0458,0.4738,0.6116,0.1721,0.4466
2026-02-14 08:16:42,user_054,Telegram,You're the best,17,8,Saturday,FALSE,0.8945,0.0148,0.1981,0.024,0.0813
2026-02-14 08:24:39,user_011,Messenger,Are we still on for later?,10,8,Saturday,FALSE,0.674,0.1691,0.1235,0.0407,0.121
2026-02-14 08:45:28,user_030,WhatsApp,I don't know what to do,21,8,Saturday,FALSE,0.2975,0.2586,0.8085,0.0585,0.401
2026-02-14 13:02:32,user_068,WhatsApp,Just woke up,21,13,Saturday,FALSE,0.8382,0.1295,0.1427,0.0465,0.1134
2026-02-14 13:17:02,user_015,WhatsApp,That was hilarious,1,13,Saturday,FALSE,0.8186,0.0524,0.1482,0.0276,0.0797
2026-02-14 14:11:30,user_023,Instagram,I feel empty,5,14,Saturday,FALSE,0.3002,0.823,0.2153,0.0058,0.406
2026-02-14 14:37:51,user_016,Snapchat,Loved the movie,16,14,Saturday,FALSE,0.9259,0.0424,0.1554,0.0276,0.0782
2026-02-14 15:05:23,user_023,Discord,You're the best,8,15,Saturday,FALSE,0.776,0.1727,0.1701,0.0081,0.1306
2026-02-14 15:55:34,user_041,Telegram,Everyone is hanging out without me,24,15,Saturday,FALSE,0.3136,0.6242,0.5228,0.167,0.4744
2026-02-14 19:53:00,user_012,WhatsApp,Can you send me the link?,15,19,Saturday,FALSE,0.6753,0.0683,0.1136,0.0348,0.0758
2026-02-14 21:05:52,user_033,WhatsApp,I feel empty,12,21,Saturday,FALSE,0.2917,0.6343,0.2046,0.0419,0.3358
2026-02-14 23:03:04,user_057,WhatsApp,My chest feels tight,20,23,Saturday,FALSE,0.1453,0.4718,0.8403,0.1906,0.5305
2026-02-14 23:34:50,user_042,Discord,You're the best,17,23,Saturday,FALSE,0.891,0.0718,0.1089,0.0242,0.0729
2026-02-14 23:45:49,user_055,Telegram,On my way,9,23,Saturday,FALSE,0.8534,0.0366,0.1972,0.0399,0.0937
2026-02-15 00:12:04,user_063,Telegram,Can't wait for the weekend,11,0,Sunday,TRUE,0.7175,0.2039,0.0672,0.0289,0.1123
2026-02-15 03:35:05,user_003,WhatsApp,I have so much to do,17,3,Sunday,TRUE,0.0167,0.6273,0.5872,0.1044,0.4825
2026-02-15 04:15:27,user_015,Instagram,Why am I always alone,1,4,Sunday,TRUE,0.116,0.6573,0.3903,0.0927,0.4227
2026-02-15 04:18:33,user_018,Instagram,Nothing matters,11,4,Sunday,TRUE,0.0456,0.8858,0.4078,0.0502,0.5096
2026-02-15 05:33:14,user_066,Discord,Nothing matters,3,5,Sunday,FALSE,0.1112,0.509,0.4154,0.0891,0.3713
2026-02-15 05:34:39,user_011,WhatsApp,I feel empty,10,5,Sunday,FALSE,0.1769,0.6381,0.5247,0.1298,0.4713
2026-02-15 07:37:24,user_025,Instagram,I am happy today,21,7,Sunday,FALSE,0.5652,0.1485,0.0241,0.0293,0.0752
2026-02-15 07:52:07,user_050,Discord,Feeling great today,13,7,Sunday,FALSE,0.6994,0.0603,0.1492,0.0376,0.0857
2026-02-15 08:05:58,user_073,Telegram,"Please reply, I'm worrying",14,8,Sunday,FALSE,0.122,0.2079,0.7013,0.0652,0.3449
2026-02-15 10:13:27,user_066,WhatsApp,Just woke up,16,10,Sunday,FALSE,0.5217,0.1481,0.185,0.0088,0.1262
2026-02-15 11:56:28,user_031,Messenger,I feel really alone sometimes,5,11,Sunday,FALSE,0.2992,0.7084,0.3801,0.0335,0.4248
2026-02-15 16:43:53,user_056,Snapchat,School is stressing me out,4,16,Sunday,FALSE,0.0461,0.5911,0.3536,0.1925,0.4083
2026-02-15 16:48:09,user_060,Messenger,Nobody understands,25,16,Sunday,FALSE,0.0908,0.7247,0.4423,0.1032,0.4705
2026-02-15 17:18:42,user_013,Snapchat,I am happy today,8,17,Sunday,FALSE,0.5987,0.1161,0.1903,0.0179,0.1175
2026-02-15 18:18:26,user_075,Discord,Can't wait for the weekend,12,18,Sunday,FALSE,0.5142,0.1529,0.0986,0.0485,0.1078
2026-02-15 19:25:48,user_074,Instagram,On my way,23,19,Sunday,FALSE,0.553,0.0197,0.0444,0.0373,0.0328
2026-02-15 19:29:57,user_034,Telegram,Nothing matters,23,19,Sunday,FALSE,0.0979,0.604,0.3181,0.0889,0.3752
2026-02-15 19:51:17,user_063,Instagram,Are we still on for later?,20,19,Sunday,FALSE,0.5912,0.0579,0.1274,0.0309,0.0755
2026-02-15 20:07:21,user_056,Messenger,It's all too much,20,20,Sunday,FALSE,0.1825,0.4109,0.4117,0.0343,0.317
2026-02-15 20:23:25,user_022,Telegram,Did you do the homework?,22,20,Sunday,FALSE,0.0982,0.8478,0.0181,0.8892,0.5677
2026-02-15 20:50:18,user_060,Snapchat,Can you send me the link?,7,20,Sunday,FALSE,0.7758,0.1486,0.0538,0.0257,0.0847
2026-02-15 21:59:00,user_029,Instagram,What if it goes wrong?,17,21,Sunday,FALSE,0.153,0.2165,0.6914,0.108,0.3556
2026-02-16 00:02:41,user_007,Messenger,What's the point,7,0,Monday,TRUE,0,0.8926,0.4937,0.1915,0.5777
2026-02-16 00:51:48,user_013,Snapchat,Everyone is hanging out without me,20,0,Monday,TRUE,0.1357,0.6254,0.3811,0.1972,0.4328
2026-02-16 01:05:59,user_019,Snapchat,School is stressing me out,4,1,Monday,TRUE,0.0554,0.5738,0.331,0.0918,0.3683
2026-02-16 01:12:52,user_053,Instagram,I don't feel like talking to anyone,17,1,Monday,TRUE,0.0916,0.6336,0.3774,0.0551,0.3993
2026-02-16 01:24:24,user_057,Instagram,"Please reply, I'm worrying",20,1,Monday,TRUE,0.1903,0.5208,0.6938,0.0026,0.4518
2026-02-16 02:23:32,user_024,Discord,I can't deal with this right now,12,2,Monday,TRUE,0.1542,0.5429,0.4689,0.0846,0.4024
2026-02-16 03:03:59,user_072,WhatsApp,I need a break,4,3,Monday,TRUE,0.1851,0.6267,0.5924,0.1563,0.4971
2026-02-16 06:34:52,user_023,Instagram,I feel empty,12,6,Monday,FALSE,0.0224,0.8986,0.2878,0.1693,0.5025
2026-02-16 07:06:13,user_001,Discord,I can't stop thinking about it,7,7,Monday,FALSE,0.3019,0.561,0.6082,0.192,0.4853
2026-02-16 12:39:03,user_004,Telegram,It's all too much,5,12,Monday,FALSE,0.3225,0.3009,0.5612,0.0804,0.3369
2026-02-16 15:00:48,user_036,Discord,I feel really alone sometimes,19,15,Monday,FALSE,0.3392,0.6114,0.3946,0.1796,0.4276
2026-02-16 18:11:24,user_073,WhatsApp,Did you do the homework?,25,18,Monday,FALSE,0.5637,0.1458,0.1898,0.0474,0.1366
2026-02-16 18:13:55,user_010,Messenger,"Please reply, I'm worrying",21,18,Monday,FALSE,0.0416,0.4811,0.7613,0.1952,0.5077
2026-02-16 18:16:38,user_012,Messenger,I'm so far behind,4,18,Monday,FALSE,0.0589,0.3742,0.4735,0.1325,0.3485
2026-02-16 19:30:22,user_021,Telegram,What if it goes wrong?,21,19,Monday,FALSE,0.154,0.4233,0.8517,0.1976,0.5168
2026-02-16 19:33:23,user_050,Snapchat,Having the best time,2,19,Monday,FALSE,0.772,0.1573,0.1015,0.001,0.0987
2026-02-16 19:53:35,user_037,WhatsApp,So much homework,12,19,Monday,FALSE,0.2269,0.5695,0.3919,0.1579,0.4044
2026-02-16 20:11:56,user_035,Messenger,Having the best time,15,20,Monday,FALSE,0.9314,0.1154,0.0426,0.0481,0.0731
2026-02-16 21:03:16,user_035,Instagram,Loved the movie,23,21,Monday,FALSE,0.8926,0.1004,0.1917,0.028,0.1143
2026-02-16 21:37:19,user_019,Snapchat,"Please reply, I'm worrying",12,21,Monday,FALSE,0.3506,0.2355,0.8183,0.1272,0.4124
2026-02-16 22:11:01,user_042,Discord,I'll be there in 5,20,22,Monday,FALSE,0.6226,0.1411,0.1775,0.0222,0.1241
2026-02-17 03:23:37,user_035,Telegram,Everything feels overwhelming,15,3,Tuesday,TRUE,0.1348,0.4461,0.3243,0.1661,0.3335
2026-02-17 04:29:45,user_053,Discord,Everything feels overwhelming,9,4,Tuesday,TRUE,0,0.4008,0.6534,0.0141,0.3925
2026-02-17 06:06:22,user_053,WhatsApp,Nothing matters,6,6,Tuesday,FALSE,0.1626,0.7483,0.2618,0.186,0.4374
2026-02-17 07:42:44,user_039,Snapchat,I can't stop thinking about it,3,7,Tuesday,FALSE,0.3149,0.3821,0.6532,0.1158,0.4104
2026-02-17 08:03:40,user_038,Messenger,I'm drowning in work,25,8,Tuesday,FALSE,0.0363,0.4604,0.5883,0.0161,0.3941
2026-02-17 12:02:59,user_052,Telegram,Why am I always alone,19,12,Tuesday,FALSE,0.3739,0.7781,0.3324,0.0852,0.4488
2026-02-17 13:56:20,user_005,WhatsApp,My chest feels tight,20,13,Tuesday,FALSE,0.3234,0.2041,0.6539,0.0357,0.3194
2026-02-17 15:13:37,user_074,Instagram,On my way,2,15,Tuesday,FALSE,0.5112,0.0086,0.1147,0.0081,0.0456
2026-02-17 16:37:35,user_054,Instagram,I can't deal with this right now,16,16,Tuesday,FALSE,0.3488,0.4753,0.4909,0.1993,0.4118
2026-02-17 17:04:28,user_062,WhatsApp,Trying to keep it together,13,17,Tuesday,FALSE,0.1197,0.5886,0.5071,0.0914,0.4358
2026-02-17 18:08:38,user_026,Instagram,Did you do the homework?,16,18,Tuesday,FALSE,0.6708,0.0236,0.0817,0.0253,0.0443
2026-02-17 18:24:05,user_020,Messenger,I feel really alone sometimes,21,18,Tuesday,FALSE,0.3192,0.7852,0.2328,0.0308,0.4033
2026-02-17 19:31:33,user_018,Snapchat,Everything feels overwhelming,25,19,Tuesday,FALSE,0.0882,0.2219,0.8953,0.0409,0.4124
2026-02-17 20:01:46,user_064,Instagram,I'm so far behind,14,20,Tuesday,FALSE,0.0839,0.5393,0.5494,0.0138,0.4115
2026-02-17 21:24:58,user_066,Telegram,I feel really tired today,12,21,Tuesday,FALSE,0.1544,0.7161,0.3131,0.1823,0.4416
2026-02-17 21:59:03,user_052,Instagram,Feeling great today,5,21,Tuesday,FALSE,0.5898,0.0105,0.1961,0.0325,0.0809
2026-02-17 22:36:41,user_039,Snapchat,I can't stop thinking about it,21,22,Tuesday,FALSE,0.1293,0.3265,0.8913,0.088,0.4645
2026-02-17 23:43:25,user_027,Discord,I feel really tired today,1,23,Tuesday,FALSE,0.05,0.5056,0.2448,0.0032,0.2887
2026-02-17 23:55:34,user_003,Snapchat,Best day ever,1,23,Tuesday,FALSE,0.5593,0.1986,0.0786,0.0064,0.1085
2026-02-18 00:56:48,user_069,Messenger,What's the point,14,0,Wednesday,TRUE,0,0.7407,0.5014,0.1707,0.5144
2026-02-18 04:09:55,user_057,Messenger,I'm so far behind,14,4,Wednesday,TRUE,0,0.525,0.5047,0.1863,0.4332
2026-02-18 05:24:16,user_068,Snapchat,I'm so far behind,7,5,Wednesday,FALSE,0.3409,0.5903,0.4894,0.1123,0.4355
2026-02-18 06:43:52,user_008,Messenger,I have no real friends,16,6,Wednesday,FALSE,0.3967,0.695,0.3095,0.0811,0.4066
2026-02-18 08:01:02,user_022,Instagram,What time is it?,6,8,Wednesday,FALSE,0.6467,0.075,0.0291,0.0266,0.0468
2026-02-18 08:03:38,user_004,WhatsApp,You're the best,14,8,Wednesday,FALSE,0.8836,0.1858,0.0749,0.0119,0.1035
2026-02-18 13:08:07,user_012,Telegram,I have so much to do,8,13,Wednesday,FALSE,0.393,0.4103,0.3581,0.0873,0.3113
2026-02-18 15:59:51,user_042,WhatsApp,My parents are so annoying,10,15,Wednesday,FALSE,0.033,0.4273,0.4292,0.199,0.3709
2026-02-18 16:37:38,user_062,Telegram,I'm so far behind,12,16,Wednesday,FALSE,0.2543,0.4692,0.457,0.1279,0.3796
2026-02-18 19:00:19,user_066,Messenger,School is stressing me out,4,19,Wednesday,FALSE,0.265,0.381,0.4817,0.0274,0.3278
2026-02-18 19:11:02,user_067,Snapchat,It's all too much,5,19,Wednesday,FALSE,0.2208,0.3274,0.357,0.1661,0.2974
2026-02-18 19:24:37,user_060,Messenger,Feeling left out,2,19,Wednesday,FALSE,0.0174,0.5511,0.3852,0.1578,0.3947
2026-02-18 19:33:58,user_016,Instagram,That was hilarious,24,19,Wednesday,FALSE,0.8281,0.113,0.0316,0.0034,0.0571
2026-02-18 20:19:28,user_019,Messenger,So much homework,16,20,Wednesday,FALSE,0.0836,0.4614,0.3611,0.1047,0.3371
2026-02-18 20:47:43,user_044,Discord,I feel really alone sometimes,7,20,Wednesday,FALSE,0.2584,0.627,0.4085,0.0725,0.4119
2026-02-18 20:56:04,user_036,WhatsApp,Just woke up,6,20,Wednesday,FALSE,0.5437,0.0781,0.0358,0.0479,0.0557
2026-02-19 05:45:31,user_049,Discord,See you tomorrow,18,5,Thursday,FALSE,0.7802,0.1869,0.1443,0.0144,0.1289
2026-02-19 06:59:10,user_051,Instagram,Are we still on for later?,8,6,Thursday,FALSE,0.7608,0.1956,0.025,0.0106,0.0896
2026-02-19 08:47:52,user_055,Messenger,That was hilarious,3,8,Thursday,FALSE,0.9284,0.0285,0.0453,0.0063,0.0288
2026-02-19 14:06:04,user_017,Instagram,Trying to keep it together,2,14,Thursday,FALSE,0.1372,0.5176,0.5969,0.0404,0.4261
2026-02-19 14:39:18,user_041,Messenger,My chest feels tight,3,14,Thursday,FALSE,0.0801,0.2296,0.6407,0.0345,0.3247
2026-02-19 16:17:02,user_074,Snapchat,Trying to keep it together,1,16,Thursday,FALSE,0.1169,0.5832,0.4914,0.1506,0.4429
2026-02-19 16:59:54,user_018,Snapchat,I'm so nervous,25,16,Thursday,FALSE,0.3836,0.5926,0.78,0.1393,0.5448
2026-02-19 18:56:51,user_026,WhatsApp,I feel really alone sometimes,7,18,Thursday,FALSE,0.2296,0.6939,0.5046,0.087,0.4759
2026-02-19 21:04:57,user_068,Snapchat,That was hilarious,20,21,Thursday,FALSE,0.5328,0.055,0.1266,0.0274,0.0732
2026-02-19 21:33:49,user_013,Discord,What if it goes wrong?,23,21,Thursday,FALSE,0.226,0.4679,0.8934,0.0677,0.5168
2026-02-19 21:52:14,user_031,WhatsApp,Are we still on for later?,24,21,Thursday,FALSE,0.9737,0.0813,0.0625,0.0045,0.0555
2026-02-19 21:54:07,user_058,Snapchat,Okay,8,21,Thursday,FALSE,0.6364,0.1811,0.0295,0.0219,0.0882
2026-02-19 22:25:45,user_065,Telegram,Everything feels overwhelming,10,22,Thursday,FALSE,0.2074,0.3692,0.6566,0.1659,0.419
2026-02-19 23:03:49,user_005,Telegram,I feel empty,7,23,Thursday,FALSE,0.1977,0.5043,0.5402,0.1862,0.4373
2026-02-19 23:40:04,user_074,Messenger,I have so much to do,4,23,Thursday,FALSE,0.144,0.4499,0.4701,0.0735,0.3629
2026-02-19 23:40:53,user_067,Snapchat,Did you do the homework?,3,23,Thursday,FALSE,0.7893,0.114,0.0753,0.0189,0.0767
2026-02-20 00:24:05,user_069,Instagram,Wish I had someone to talk to,12,0,Friday,TRUE,0.1649,0.8301,0.4659,0.131,0.5278
2026-02-20 00:24:28,user_074,Messenger,I don't feel like talking to anyone,16,0,Friday,TRUE,0.1538,0.7972,0.3515,0.1092,0.4692
2026-02-20 01:08:33,user_044,Telegram,So much homework,18,1,Friday,TRUE,0.1992,0.5435,0.413,0.1913,0.4098
2026-02-20 01:24:45,user_006,WhatsApp,I feel really alone sometimes,15,1,Friday,TRUE,0,0.8797,0.5061,0.1189,0.5587
2026-02-20 01:59:35,user_031,Messenger,I'm so nervous,4,1,Friday,TRUE,0,0.4442,0.6896,0.0104,0.4216
2026-02-20 02:30:50,user_060,Instagram,I feel really tired today,17,2,Friday,TRUE,0,0.7552,0.553,0.1502,0.5332
2026-02-20 03:47:32,user_071,Messenger,I had fun with my friends,2,3,Friday,TRUE,0.4223,0.1944,0.0766,0.0075,0.1064
2026-02-20 03:56:33,user_032,Snapchat,Feeling left out,10,3,Friday,TRUE,0,0.7573,0.4323,0.0538,0.4677
2026-02-20 04:48:41,user_054,Telegram,Are we still on for later?,24,4,Friday,TRUE,0.7793,0.2985,0.1131,0.0499,0.1714
2026-02-20 05:37:58,user_013,Snapchat,Can't wait for the weekend,13,5,Friday,FALSE,0.5161,0.1866,0.0497,0.0339,0.1005
2026-02-20 06:29:24,user_052,Snapchat,Can you send me the link?,11,6,Friday,FALSE,0.6098,0.0649,0.1537,0.0028,0.0804
2026-02-20 06:44:56,user_059,Messenger,Okay,10,6,Friday,FALSE,0.5514,0.1007,0.0612,0.0033,0.0625
2026-02-20 07:05:20,user_043,Instagram,I can't sleep again tonight,20,7,Friday,FALSE,0.307,0.4058,0.4483,0.0963,0.3433
2026-02-20 09:55:06,user_057,Telegram,I'll be there in 5,3,9,Friday,FALSE,0.7681,0.028,0.0367,0.0231,0.0298
2026-02-20 15:16:45,user_055,Telegram,See you tomorrow,13,15,Friday,FALSE,0.8954,0.1136,0.1515,0.0088,0.1006
2026-02-20 16:46:48,user_017,Instagram,I just want to stay in bed,2,16,Friday,FALSE,0.0399,0.6536,0.244,0.0027,0.3475
2026-02-20 17:01:53,user_062,Instagram,See you tomorrow,5,17,Friday,FALSE,0.9169,0.1845,0.0958,0.0237,0.1133
2026-02-20 19:24:41,user_051,Instagram,Can you send me the link?,25,19,Friday,FALSE,0.6031,0.0884,0.0649,0.0102,0.0606
2026-02-20 20:24:05,user_030,Messenger,Nothing matters,25,20,Friday,FALSE,0.1338,0.8519,0.3737,0.186,0.5181
2026-02-20 20:27:38,user_026,Snapchat,Everything feels overwhelming,24,20,Friday,FALSE,0.0719,0.9851,0.3764,0.7615,0.7162
2026-02-20 22:46:41,user_018,WhatsApp,I'm worried about exams,18,22,Friday,FALSE,0.333,0.4711,0.4421,0.0704,0.3608
2026-02-21 00:17:29,user_072,Snapchat,So much homework,14,0,Saturday,TRUE,0.1877,0.5729,0.413,0.0859,0.3952
2026-02-21 01:25:16,user_074,Instagram,Can you send me the link?,13,1,Saturday,TRUE,0.5172,0.2396,0.1524,0.024,0.1552
2026-02-21 02:58:24,user_023,Snapchat,I feel really alone sometimes,17,2,Saturday,TRUE,0.1509,0.8715,0.5597,0.0899,0.567
2026-02-21 04:28:23,user_019,Telegram,Wish I had someone to talk to,3,4,Saturday,TRUE,0.113,0.6709,0.3542,0.1055,0.4187
2026-02-21 04:33:44,user_008,Messenger,I need a break,5,4,Saturday,TRUE,0,0.5012,0.5344,0.139,0.4223
2026-02-21 05:47:15,user_011,Messenger,Nobody understands,4,5,Saturday,FALSE,0.0917,0.7505,0.5509,0.0712,0.5108
2026-02-21 05:48:12,user_049,WhatsApp,On my way,3,5,Saturday,FALSE,0.7204,0.1826,0.0218,0.0318,0.0886
2026-02-21 06:47:25,user_054,Messenger,Everything feels overwhelming,17,6,Saturday,FALSE,0.3948,0.2006,0.8449,0.014,0.3795
2026-02-21 11:47:47,user_008,Discord,On my way,19,11,Saturday,FALSE,0.609,0.0214,0.0428,0.0137,0.027
2026-02-21 12:12:24,user_023,Discord,I feel really alone sometimes,15,12,Saturday,FALSE,0.1884,0.6453,0.5671,0.029,0.4639
2026-02-21 12:53:21,user_071,Messenger,Nothing matters,24,12,Saturday,FALSE,0.0402,0.5641,0.3044,0.0133,0.3355
2026-02-21 15:17:57,user_030,Instagram,See you tomorrow,4,15,Saturday,FALSE,0.9087,0.0606,0.0561,0.0246,0.05
2026-02-21 15:57:57,user_018,Messenger,I'll be there in 5,24,15,Saturday,FALSE,0.8035,0.0705,0.1273,0.031,0.0805
2026-02-21 16:24:26,user_020,Instagram,Okay,2,16,Saturday,FALSE,0.685,0.1443,0.1554,0.0284,0.1192
2026-02-21 17:07:23,user_003,Discord,Nothing matters,4,17,Saturday,FALSE,0.0568,0.8912,0.4793,0.13,0.5567
2026-02-21 17:16:00,user_002,Discord,I feel really alone sometimes,21,17,Saturday,FALSE,0.3289,0.8133,0.3615,0.0812,0.4721
2026-02-21 17:38:57,user_022,Discord,I'll be there in 5,24,17,Saturday,FALSE,0.6365,0.0971,0.0778,0.0334,0.0744
2026-02-21 18:14:20,user_029,Telegram,See you tomorrow,6,18,Saturday,FALSE,0.6356,0.0156,0.0746,0.0251,0.0386
2026-02-21 18:29:23,user_001,Discord,I can't deal with this right now,5,18,Saturday,FALSE,0.3991,0.5328,0.5197,0.1093,0.4223
2026-02-21 19:31:36,user_070,Instagram,I feel really alone sometimes,19,19,Saturday,FALSE,0.1504,0.8266,0.3572,0.0228,0.4613
2026-02-21 23:12:29,user_021,Messenger,I feel really tired today,11,23,Saturday,FALSE,0.2085,0.8928,0.3891,0.1363,0.5274
2026-02-22 04:55:23,user_062,Instagram,I'll be there in 5,9,4,Sunday,TRUE,0.3147,0.1277,0.0167,0.0346,0.0656
2026-02-22 07:39:34,user_047,WhatsApp,I'm worried about exams,22,7,Sunday,FALSE,0.3151,0.3243,0.5643,0.1472,0.364
2026-02-22 09:59:11,user_056,Messenger,See you tomorrow,23,9,Sunday,FALSE,0.5884,0.119,0.1086,0.0191,0.0904
2026-02-22 15:15:44,user_046,Snapchat,I don't know what to do,21,15,Sunday,FALSE,0.1587,0.3286,0.6718,0.0566,0.3807
2026-02-22 16:22:52,user_037,Messenger,Can you send me the link?,23,16,Sunday,FALSE,0.9324,0.1485,0.1123,0.0119,0.1017
2026-02-22 16:31:50,user_003,WhatsApp,Did you do the homework?,18,16,Sunday,FALSE,0.831,0.0981,0.0523,0.0172,0.0618
2026-02-22 16:42:52,user_010,Telegram,I'll be there in 5,12,16,Sunday,FALSE,0.8402,0.1192,0.1575,0.0263,0.1093
2026-02-22 18:43:05,user_015,Snapchat,On my way,14,18,Sunday,FALSE,0.7428,0.0884,0.0546,0.0377,0.0639
2026-02-22 19:10:28,user_021,Messenger,I had fun with my friends,13,19,Sunday,FALSE,0.6475,0.0637,0.1903,0.0037,0.093
2026-02-22 20:04:01,user_016,Snapchat,Nothing matters,16,20,Sunday,FALSE,0.1725,0.5785,0.2131,0.132,0.339
2026-02-22 20:46:41,user_008,Telegram,What's the point,18,20,Sunday,FALSE,0.0673,0.818,0.2677,0.1441,0.4569
2026-02-22 20:48:50,user_013,Snapchat,That was hilarious,9,20,Sunday,FALSE,0.6832,0.1313,0.0284,0.0122,0.0655
2026-02-22 21:41:59,user_017,Discord,I am happy today,20,21,Sunday,FALSE,0.9858,0.0977,0.0727,0.0143,0.0681
2026-02-22 22:06:32,user_035,Messenger,Just woke up,2,22,Sunday,FALSE,0.5211,0.0566,0.0048,0.0316,0.0322
2026-02-22 23:06:16,user_017,Instagram,Everything feels overwhelming,21,23,Sunday,FALSE,0.2619,0.3237,0.8656,0.0495,0.4448
2026-02-23 02:09:40,user_011,Instagram,Nothing matters,23,2,Monday,TRUE,0.1865,0.983,0.2425,0.1472,0.5149
2026-02-23 02:10:31,user_069,WhatsApp,See you tomorrow,23,2,Monday,TRUE,0.7654,0.2994,0.125,0.003,0.1643
2026-02-23 05:08:11,user_062,Instagram,Loved the movie,3,5,Monday,FALSE,0.8028,0.1225,0.1193,0.0115,0.0936
2026-02-23 07:20:43,user_022,Messenger,My parents are so annoying,5,7,Monday,FALSE,0.2946,0.5669,0.4143,0.0573,0.3861
2026-02-23 07:24:32,user_071,WhatsApp,I'm worried about exams,12,7,Monday,FALSE,0.3268,0.5404,0.3415,0.05,0.3482
2026-02-23 08:35:06,user_010,Messenger,Are we still on for later?,21,8,Monday,FALSE,0.9209,0.1717,0.028,0.0269,0.0852
2026-02-23 13:11:51,user_068,Telegram,Trying to keep it together,15,13,Monday,FALSE,0.1858,0.4672,0.5752,0.0243,0.3943
2026-02-23 15:21:54,user_020,WhatsApp,So much homework,3,15,Monday,FALSE,0.0447,0.3537,0.4272,0.1519,0.329
2026-02-23 18:28:53,user_056,Snapchat,"Please reply, I'm worrying",23,18,Monday,FALSE,0.0682,0.4341,0.8849,0.0311,0.4911
2026-02-23 18:38:25,user_056,Instagram,It's all too much,13,18,Monday,FALSE,0.0119,0.382,0.5978,0.0981,0.3866
2026-02-24 06:52:35,user_012,Snapchat,I am happy today,15,6,Tuesday,FALSE,0.6453,0.0316,0.0799,0.0036,0.0415
2026-02-24 07:54:43,user_007,Snapchat,Having the best time,22,7,Tuesday,FALSE,0.8072,0.1361,0.1766,0.0001,0.1163
2026-02-24 09:08:50,user_019,Telegram,Everything feels overwhelming,25,9,Tuesday,FALSE,0.3319,0.4346,0.7663,0.1626,0.4827
2026-02-24 09:44:15,user_072,WhatsApp,Are we still on for later?,11,9,Tuesday,FALSE,0.8697,0.1424,0.1673,0.0057,0.117
2026-02-24 13:16:56,user_008,Snapchat,Everything feels overwhelming,24,13,Tuesday,FALSE,0.2863,0.5957,0.7821,0.143,0.5477
2026-02-24 14:50:50,user_072,Messenger,Are we still on for later?,10,14,Tuesday,FALSE,0.9847,0.0998,0.1371,0.0233,0.0937
2026-02-24 19:10:06,user_001,WhatsApp,On my way,13,19,Tuesday,FALSE,0.893,0.1602,0.1228,0.0342,0.1156
2026-02-24 20:16:10,user_009,Snapchat,Did you do the homework?,17,20,Tuesday,FALSE,0.8665,0.0236,0.18,0.0168,0.0766
2026-02-24 21:26:58,user_034,Snapchat,I feel empty,9,21,Tuesday,FALSE,0.3139,0.6583,0.5758,0.1564,0.504
2026-02-24 23:21:39,user_063,Telegram,What if it goes wrong?,21,23,Tuesday,FALSE,0.0321,0.4697,0.6986,0.1067,0.4591
2026-02-25 05:21:51,user_006,Telegram,I feel empty,7,5,Wednesday,FALSE,0.2714,0.6297,0.5903,0.1152,0.4873
2026-02-25 12:06:06,user_008,Discord,I'm so nervous,4,12,Wednesday,FALSE,0.1694,0.4916,0.7401,0.1347,0.4894
2026-02-25 12:11:11,user_028,Instagram,My chest feels tight,1,12,Wednesday,FALSE,0.1582,0.5532,0.8212,0.0899,0.5312
2026-02-25 12:52:46,user_019,Snapchat,I'm so nervous,4,12,Wednesday,FALSE,0.1598,0.4517,0.8782,0.088,0.5101
2026-02-25 15:02:17,user_074,WhatsApp,School is stressing me out,1,15,Wednesday,FALSE,0.1811,0.4804,0.4774,0.0473,0.3711
2026-02-25 18:39:49,user_032,Messenger,Everything feels overwhelming,2,18,Wednesday,FALSE,0.0963,0.3202,0.4782,0.0893,0.3178
2026-02-25 19:01:48,user_032,Instagram,Wish I had someone to talk to,8,19,Wednesday,FALSE,0.1522,0.6284,0.5976,0.0824,0.4811
2026-02-25 20:46:42,user_016,Messenger,My chest feels tight,7,20,Wednesday,FALSE,0.0836,0.3213,0.8721,0.1818,0.4792
2026-02-25 21:21:45,user_048,Snapchat,That was hilarious,12,21,Wednesday,FALSE,0.5196,0.1415,0.1982,0.0262,0.1325
2026-02-25 22:26:40,user_035,Telegram,My chest feels tight,10,22,Wednesday,FALSE,0.3396,0.2648,0.6214,0.0456,0.3348
2026-02-25 22:58:15,user_054,Telegram,Can you send me the link?,19,22,Wednesday,FALSE,0.7486,0.1068,0.1065,0.0411,0.0902
2026-02-25 23:09:30,user_063,Snapchat,I don't feel like talking to anyone,11,23,Wednesday,FALSE,0.1686,0.5538,0.5573,0.1261,0.4481
2026-02-25 23:10:39,user_064,Snapchat,Are we still on for later?,14,23,Wednesday,FALSE,0.8335,0.0258,0.0399,0.0303,0.0319
2026-02-26 01:28:26,user_070,WhatsApp,I'm worried about exams,5,1,Thursday,TRUE,0.0144,0.6339,0.3331,0.1937,0.4185
2026-02-26 01:34:18,user_037,Instagram,On my way,21,1,Thursday,TRUE,0.3709,0.2824,0.0048,0.0214,0.12
2026-02-26 04:37:57,user_058,Instagram,Nothing matters,19,4,Thursday,TRUE,0,0.6587,0.2597,0.1063,0.3809
2026-02-26 04:59:38,user_067,Snapchat,Everything feels overwhelming,13,4,Thursday,TRUE,0,0.5436,0.7113,0.1449,0.5026
2026-02-26 06:29:21,user_029,WhatsApp,I can't stop thinking about it,22,6,Thursday,FALSE,0.24,0.3453,0.815,0.0905,0.446
2026-02-26 06:47:08,user_075,WhatsApp,That was hilarious,22,6,Thursday,FALSE,0.6887,0.0053,0.193,0.0186,0.0743
2026-02-26 06:54:34,user_031,Instagram,Just woke up,24,6,Thursday,FALSE,0.9297,0.1234,0.0865,0.0318,0.0876
2026-02-26 07:01:14,user_029,Telegram,Wish I had someone to talk to,22,7,Thursday,FALSE,0.1371,0.5617,0.3162,0.1835,0.3813
2026-02-26 07:02:48,user_012,Discord,My chest feels tight,16,7,Thursday,FALSE,0.2076,0.3113,0.7327,0.1994,0.4308
2026-02-26 08:40:23,user_045,Discord,Why am I always alone,3,8,Thursday,FALSE,0.2943,0.7034,0.3701,0.0969,0.4351
2026-02-26 09:49:51,user_028,Instagram,I had fun with my friends,16,9,Thursday,FALSE,0.6438,0.1428,0.0693,0.0221,0.0869
2026-02-26 10:19:57,user_055,Telegram,Are we still on for later?,18,10,Thursday,FALSE,0.8497,0.1298,0.0912,0.0205,0.089
2026-02-26 12:43:34,user_027,Instagram,I feel really alone sometimes,9,12,Thursday,FALSE,0.0662,0.7252,0.4152,0.1559,0.4744
2026-02-26 13:30:45,user_020,Instagram,I feel really tired today,21,13,Thursday,FALSE,0.2805,0.7009,0.2725,0.1985,0.4254
2026-02-26 14:19:25,user_012,Instagram,I am happy today,2,14,Thursday,FALSE,0.8428,0.1193,0.164,0.0164,0.1092
2026-02-26 15:50:05,user_048,Instagram,I'll be there in 5,1,15,Thursday,FALSE,0.7144,0.1884,0.0835,0.0219,0.1101
2026-02-26 16:34:43,user_065,Telegram,Everyone is hanging out without me,2,16,Thursday,FALSE,0.2291,0.5707,0.3897,0.079,0.3844
2026-02-26 16:59:35,user_030,WhatsApp,I don't know what to do,8,16,Thursday,FALSE,0.0437,0.2957,0.8223,0.0102,0.4086
2026-02-26 19:02:36,user_061,Messenger,Everything feels overwhelming,17,19,Thursday,FALSE,0.0763,0.4323,0.4256,0.0826,0.3425
2026-02-26 19:35:38,user_048,Messenger,Nothing matters,2,19,Thursday,FALSE,0.277,0.691,0.4611,0.081,0.458
2026-02-26 20:22:26,user_065,Instagram,Can't wait for the weekend,18,20,Thursday,FALSE,0.596,0.1973,0.1954,0.0309,0.155
2026-02-26 20:29:06,user_010,Snapchat,You're the best,15,20,Thursday,FALSE,0.9142,0.0164,0.0124,0.0444,0.022
2026-02-26 23:34:52,user_032,Snapchat,"Please reply, I'm worrying",25,23,Thursday,FALSE,0.2876,0.5959,0.7639,0.0205,0.5109
2026-02-27 01:17:37,user_024,Messenger,"Please reply, I'm worrying",13,1,Friday,TRUE,0,0.9765,0.6179,0.7332,0.7902
2026-02-27 04:53:01,user_035,Instagram,I don't feel like talking to anyone,22,4,Friday,TRUE,0,0.8139,0.3563,0.0155,0.4541
2026-02-27 07:35:36,user_003,WhatsApp,Feeling great today,15,7,Friday,FALSE,0.8942,0.1788,0.1525,0.0023,0.1255
2026-02-27 14:35:26,user_002,Messenger,On my way,6,14,Friday,FALSE,0.5944,0.0139,0.1682,0.0238,0.0704
2026-02-27 16:31:45,user_004,Telegram,My chest feels tight,24,16,Friday,FALSE,0.3263,0.4695,0.7105,0.196,0.4855
2026-02-27 17:19:39,user_034,WhatsApp,I'm drowning in work,5,17,Friday,FALSE,0.2116,0.5004,0.4664,0.1864,0.41
2026-02-27 19:57:20,user_054,Messenger,Nobody understands,13,19,Friday,FALSE,0.3623,0.6761,0.5833,0.1033,0.5004
2026-02-27 20:23:13,user_016,Discord,On my way,23,20,Friday,FALSE,0.866,0.1042,0.1662,0.0147,0.1035
2026-02-27 21:38:34,user_054,Instagram,Having the best time,19,21,Friday,FALSE,0.7875,0.1437,0.0583,0.0001,0.0779
2026-02-27 21:42:41,user_050,Instagram,I don't know what to do,15,21,Friday,FALSE,0.278,0.3978,0.6225,0.0425,0.3877
2026-02-27 21:58:26,user_041,Snapchat,Everything feels overwhelming,17,21,Friday,FALSE,0.3601,0.2062,0.7244,0.0307,0.3437
2026-02-27 22:13:33,user_065,Instagram,Are we still on for later?,16,22,Friday,FALSE,0.6871,0.0075,0.0404,0.0046,0.0183
2026-02-28 06:19:09,user_045,Messenger,So much homework,6,6,Saturday,FALSE,0.1457,0.4526,0.5611,0.1034,0.4032
2026-02-28 06:54:45,user_033,Instagram,Feeling great today,8,6,Saturday,FALSE,0.9574,0.1125,0.1936,0.0279,0.1197
2026-02-28 06:59:05,user_024,Discord,Just woke up,11,6,Saturday,FALSE,0.6219,0.0929,0.1221,0.0189,0.0846
2026-02-28 08:33:36,user_030,Messenger,It's all too much,6,8,Saturday,FALSE,0.3708,0.4843,0.4489,0.1458,0.3873
2026-02-28 12:28:11,user_026,Instagram,I have so much to do,13,12,Saturday,FALSE,0.2744,0.5443,0.5162,0.1608,0.4386
2026-02-28 15:22:00,user_013,Discord,I'm so nervous,1,15,Saturday,FALSE,0.1193,0.3399,0.6321,0.1445,0.3933
2026-02-28 15:31:55,user_052,Instagram,Feeling great today,13,15,Saturday,FALSE,0.6603,0.0662,0.0556,0.0253,0.0523
2026-02-28 16:43:23,user_052,Instagram,I need a break,11,16,Saturday,FALSE,0.0582,0.303,0.5419,0.1887,0.358
2026-02-28 16:55:13,user_075,Instagram,My parents are so annoying,14,16,Saturday,FALSE,0.1851,0.3044,0.4284,0.1745,0.3153
2026-02-28 18:24:42,user_010,Messenger,I feel empty,15,18,Saturday,FALSE,0.2264,0.8869,0.5584,0.1391,0.585
2026-02-28 19:17:37,user_002,Telegram,Okay,19,19,Saturday,FALSE,0.9276,0.1562,0.1226,0.0252,0.1117
2026-02-28 20:50:33,user_035,Telegram,I have no real friends,3,20,Saturday,FALSE,0.081,0.6993,0.4195,0.0198,0.4315
2026-03-01 00:07:16,user_034,Instagram,I'll be there in 5,1,0,Sunday,TRUE,0.6385,0.146,0.0631,0.0478,0.0924
2026-03-01 00:27:44,user_018,Instagram,I feel empty,16,0,Sunday,TRUE,0,0.7531,0.3526,0.109,0.4519
2026-03-01 03:09:45,user_049,Discord,I don't know what to do,14,3,Sunday,TRUE,0.1046,0.4958,0.8029,0.1155,0.5082
2026-03-01 05:27:52,user_036,Instagram,What's the point,15,5,Sunday,FALSE,0.0635,0.73,0.3241,0.0406,0.4156
2026-03-01 06:09:01,user_044,Snapchat,On my way,18,6,Sunday,FALSE,0.6476,0.0392,0.046,0.0285,0.0389
2026-03-01 10:03:32,user_023,Instagram,I feel really tired today,1,10,Sunday,FALSE,0.1244,0.7027,0.2543,0.1703,0.4126
2026-03-01 11:20:11,user_017,WhatsApp,What time is it?,7,11,Sunday,FALSE,0.5323,0.0983,0.1907,0.0026,0.1067
2026-03-01 19:27:01,user_052,WhatsApp,Are we still on for later?,4,19,Sunday,FALSE,0.9311,0.1152,0.1147,0.0355,0.0951
2026-03-01 19:46:55,user_058,Instagram,On my way,9,19,Sunday,FALSE,0.5654,0.0741,0.1123,0.016,0.0729
2026-03-01 20:17:18,user_025,Discord,What's the point,22,20,Sunday,FALSE,0.0521,0.8425,0.44,0.199,0.5408
2026-03-01 20:24:17,user_029,WhatsApp,My chest feels tight,17,20,Sunday,FALSE,0.1469,0.2331,0.636,0.0978,0.3403
2026-03-01 20:55:41,user_024,Discord,Are we still on for later?,11,20,Sunday,FALSE,0.8997,0.0874,0.08,0.022,0.0685
2026-03-01 22:09:49,user_074,Discord,I'm so nervous,4,22,Sunday,FALSE,0.0591,0.5187,0.734,0.1953,0.5132
2026-03-01 23:28:16,user_045,Messenger,Are we still on for later?,19,23,Sunday,FALSE,0.7195,0.1988,0.1551,0.0118,0.1368
2026-03-02 01:58:07,user_066,Messenger,I can't stop thinking about it,12,1,Monday,TRUE,0,0.6828,0.8289,0.1543,0.6018
2026-03-02 03:35:09,user_007,WhatsApp,I can't stop thinking about it,9,3,Monday,TRUE,0,0.575,0.7029,0.1706,0.5186
2026-03-02 13:16:05,user_010,Snapchat,Wish I had someone to talk to,24,13,Monday,FALSE,0.2927,0.5349,0.4061,0.0158,0.3601
2026-03-02 14:10:07,user_004,Messenger,My parents are so annoying,14,14,Monday,FALSE,0.2218,0.579,0.5229,0.0253,0.4209
2026-03-02 16:17:49,user_023,Telegram,Everything feels overwhelming,17,16,Monday,FALSE,0.1174,0.2013,0.6474,0.1444,0.3432
2026-03-02 16:50:36,user_059,Telegram,Just woke up,15,16,Monday,FALSE,0.983,0.1126,0.154,0.0379,0.1084
2026-03-02 19:09:34,user_046,Instagram,Best day ever,2,19,Monday,FALSE,0.7913,0.0296,0.0255,0.0154,0.0246
2026-03-02 20:07:08,user_057,Instagram,Everything feels overwhelming,19,20,Monday,FALSE,0.3926,0.2415,0.8533,0.1822,0.4408
2026-03-02 20:53:03,user_016,Messenger,Just woke up,13,20,Monday,FALSE,0.5253,0.0721,0.0398,0.0184,0.0474
2026-03-02 21:30:37,user_007,Messenger,I had fun with my friends,9,21,Monday,FALSE,0.8433,0.1426,0.1315,0.0071,0.1049
2026-03-02 21:48:18,user_045,Messenger,I can't deal with this right now,4,21,Monday,FALSE,0.1302,0.4987,0.3347,0.0929,0.3399
2026-03-02 21:59:58,user_002,Snapchat,You're the best,2,21,Monday,FALSE,0.894,0.0373,0.1498,0.0436,0.0782
2026-03-02 23:01:35,user_030,Discord,I can't sleep again tonight,22,23,Monday,FALSE,0.0607,0.5692,0.4971,0.0176,0.406
2026-03-03 00:21:04,user_032,Discord,I'm so nervous,16,0,Tuesday,TRUE,0.0676,0.3529,0.6643,0.1871,0.4204
2026-03-03 01:45:28,user_071,Instagram,I just want to stay in bed,9,1,Tuesday,TRUE,0.0788,0.6759,0.2747,0.0695,0.3839
2026-03-03 04:13:51,user_049,Discord,I feel empty,5,4,Tuesday,TRUE,0.0605,0.7449,0.5425,0.0204,0.4929
2026-03-03 04:29:05,user_025,Messenger,I'm drowning in work,21,4,Tuesday,TRUE,0,0.6084,0.4608,0.0141,0.4081
2026-03-03 04:44:28,user_007,Snapchat,I need a break,13,4,Tuesday,TRUE,0,0.5349,0.3728,0.059,0.3592
2026-03-03 07:43:46,user_023,Instagram,Feeling left out,8,7,Tuesday,FALSE,0.1575,0.5215,0.4465,0.1481,0.4019
2026-03-03 12:53:37,user_049,WhatsApp,I don't know what to do,19,12,Tuesday,FALSE,0.0831,0.547,0.7424,0.1973,0.528
2026-03-03 13:01:44,user_027,Snapchat,School is stressing me out,4,13,Tuesday,FALSE,0.3943,0.4133,0.4171,0.1145,0.3399
2026-03-03 13:22:11,user_049,Snapchat,Best day ever,7,13,Tuesday,FALSE,0.9277,0.1541,0.0692,0.0212,0.0912
2026-03-03 16:07:15,user_030,WhatsApp,See you tomorrow,2,16,Tuesday,FALSE,0.5105,0.1108,0.1177,0.0004,0.0856
2026-03-03 16:36:43,user_017,WhatsApp,I can't sleep again tonight,7,16,Tuesday,FALSE,0.0481,0.5272,0.3519,0.1969,0.3832
2026-03-03 17:37:11,user_019,Snapchat,Can you send me the link?,14,17,Tuesday,FALSE,0.7464,0.0678,0.0936,0.0045,0.061
2026-03-03 18:32:09,user_071,Discord,I'll be there in 5,2,18,Tuesday,FALSE,0.8084,0.0505,0.0229,0.0335,0.0366
2026-03-03 18:56:30,user_030,Telegram,Best day ever,15,18,Tuesday,FALSE,0.7242,0.0872,0.0323,0.0363,0.0553
2026-03-03 19:06:32,user_020,Messenger,I don't feel like talking to anyone,6,19,Tuesday,FALSE,0.0095,0.8184,0.3908,0.1738,0.5076
2026-03-03 19:12:56,user_015,Messenger,So much homework,3,19,Tuesday,FALSE,0.1296,0.4946,0.5134,0.0328,0.3857
2026-03-03 19:19:39,user_010,WhatsApp,I feel really alone sometimes,23,19,Tuesday,FALSE,0.3502,0.6084,0.3997,0.0738,0.4017
2026-03-03 19:54:09,user_001,Instagram,Did you do the homework?,3,19,Tuesday,FALSE,0.8596,0.1873,0.1611,0.0312,0.1391
2026-03-03 21:56:36,user_041,WhatsApp,School is stressing me out,6,21,Tuesday,FALSE,0.3697,0.5053,0.3841,0.1086,0.3637
2026-03-03 22:09:58,user_068,Discord,Everything feels overwhelming,14,22,Tuesday,FALSE,0.1671,0.5965,0.6133,0.1467,0.4899
2026-03-03 22:43:41,user_049,Snapchat,I can't deal with this right now,25,22,Tuesday,FALSE,0.1482,0.313,0.4589,0.0459,0.2973
2026-03-03 23:22:03,user_003,WhatsApp,I'm worried about exams,21,23,Tuesday,FALSE,0.3873,0.5847,0.5473,0.0183,0.43
2026-03-04 02:46:05,user_011,Messenger,I have so much to do,15,2,Wednesday,TRUE,0.0506,0.406,0.3508,0.0021,0.2857
2026-03-04 02:46:46,user_042,Discord,I need a break,17,2,Wednesday,TRUE,0,0.6286,0.3364,0.0737,0.3876
2026-03-04 02:52:08,user_044,Instagram,I need a break,17,2,Wednesday,TRUE,0,0.6073,0.3417,0.0884,0.3846
2026-03-04 03:11:38,user_049,Snapchat,Nobody understands,14,3,Wednesday,TRUE,0,0.8415,0.3916,0.1934,0.522
2026-03-04 03:39:34,user_007,Snapchat,You're the best,6,3,Wednesday,TRUE,0.5959,0.2326,0.0168,0.0214,0.1043
2026-03-04 03:40:19,user_001,Telegram,Feeling left out,17,3,Wednesday,TRUE,0.0436,0.6459,0.5288,0.1079,0.4704
2026-03-04 08:19:11,user_071,Instagram,What if it goes wrong?,14,8,Wednesday,FALSE,0.3504,0.2557,0.8413,0.1535,0.4351
2026-03-04 09:54:54,user_032,Instagram,Why am I always alone,14,9,Wednesday,FALSE,0.0557,0.6381,0.5506,0.1103,0.4755
2026-03-04 15:08:53,user_054,Messenger,Everything feels overwhelming,4,15,Wednesday,FALSE,0.3583,0.5754,0.3117,0.129,0.3715
2026-03-04 18:41:04,user_064,WhatsApp,My chest feels tight,10,18,Wednesday,FALSE,0.3638,0.3633,0.6907,0.028,0.394
2026-03-04 18:45:41,user_010,Instagram,Can you send me the link?,22,18,Wednesday,FALSE,0.8692,0.0393,0.145,0.0097,0.0689
2026-03-04 19:24:52,user_041,WhatsApp,Can't wait for the weekend,24,19,Wednesday,FALSE,0.5389,0.1336,0.1233,0.0162,0.1006
2026-03-04 19:56:21,user_016,Discord,I can't deal with this right now,20,19,Wednesday,FALSE,0.3781,0.3829,0.3572,0.1159,0.3071
2026-03-04 21:08:29,user_068,Discord,Everyone is hanging out without me,12,21,Wednesday,FALSE,0.1108,0.7945,0.4073,0.1712,0.5032
2026-03-04 21:24:43,user_046,WhatsApp,Why am I always alone,10,21,Wednesday,FALSE,0.3606,0.6475,0.5972,0.0449,0.4793
2026-03-04 22:38:54,user_039,Snapchat,School is stressing me out,12,22,Wednesday,FALSE,0.1478,0.3869,0.4568,0.0235,0.3205
2026-03-05 00:03:25,user_043,Instagram,I don't know what to do,23,0,Thursday,TRUE,0,0.3898,0.6245,0.0637,0.3904
2026-03-05 16:18:50,user_021,Telegram,I can't stop thinking about it,16,16,Thursday,FALSE,0.0346,0.3751,0.8296,0.079,0.4601
2026-03-05 17:52:46,user_020,WhatsApp,School is stressing me out,15,17,Thursday,FALSE,0.1531,0.428,0.4062,0.1817,0.3588
2026-03-05 18:19:25,user_005,Snapchat,I can't stop thinking about it,1,18,Thursday,FALSE,0.279,0.3884,0.6333,0.1835,0.4229
2026-03-05 19:12:20,user_023,Discord,I am happy today,8,19,Thursday,FALSE,0.9472,0.0414,0.0922,0.0123,0.0519
2026-03-05 19:22:29,user_012,Instagram,Just woke up,14,19,Thursday,FALSE,0.7103,0.0821,0.0055,0.0279,0.0417
2026-03-05 19:32:45,user_018,WhatsApp,Just woke up,17,19,Thursday,FALSE,0.9901,0.0487,0.1103,0.0192,0.0629
2026-03-05 20:12:43,user_002,Snapchat,Are we still on for later?,10,20,Thursday,FALSE,0.5562,0.0109,0.1898,0.0463,0.0824
2026-03-05 20:29:36,user_019,Telegram,Feeling great today,8,20,Thursday,FALSE,0.5486,0.0621,0.1289,0.0383,0.0795
2026-03-05 20:53:31,user_045,WhatsApp,My chest feels tight,24,20,Thursday,FALSE,0.3081,0.3761,0.6714,0.1275,0.4173
2026-03-05 21:25:18,user_054,Discord,Best day ever,14,21,Thursday,FALSE,0.8815,0.1312,0.1367,0.0049,0.1016
2026-03-05 21:28:29,user_012,Messenger,You're the best,9,21,Thursday,FALSE,0.6012,0.1377,0.0264,0.0325,0.0724
2026-03-05 22:17:38,user_069,Telegram,On my way,6,22,Thursday,FALSE,0.9996,0.1685,0.0426,0.042,0.0928
2026-03-05 22:30:42,user_065,WhatsApp,I feel really alone sometimes,19,22,Thursday,FALSE,0.2937,0.5882,0.3585,0.0286,0.3679
